utility,project_key,name,point,point_name,current_lat,current_lon,method,confidence,osm_url,google_maps_url,description,desc_hints,task,anchor,miles,is_border,region,assignee
GPC,19523,SAV: CC - HYUNDAI MOTORS SAVANNAH AKA. PROJECT EA,1,Hyundai Motors Savannah,,,,unlocated,,https://www.google.com/maps/search/?api=1&query=Hyundai%20Motors%20Savannah%20Georgia,"Construct a new Hyundai 230kV substation with an eight element 230kV ring bus and four 230/25kV banks. Construct a new Newton Rd 230kV substation with a five element 230kV ring bus and loop through the Little Ogeechee - Meldrim Black and White 230kV lines. Build two new 230kV lines connecting from Hyundai - Newton Rd (12 miles) and Hyundai - Meldrim (10 miles). At Meldrim, add a breaker to accommodate for the new Hyundai line. Install a 115/25kV bank at Interstate Centre and build a new 115kV line from Interstate Centre - Hyundai (2.3 miles) for bridge power.",miles=12;miles=10;miles=2.3;sub=Little Ogeechee;sub=Meldrim Black;sub=Hyundai;sub=Newton Rd;sub=Meldrim;sub=Interstate Centre,FIND,"Little Ogeechee at 32.00679,-81.25315",2.3,True,savannah_coast,
GPC,19966,SAV: CC - BIG OGEECHEE 500/230KV (CC NETWORK IMPROVEMENTS),1,Big Ogeechee,,,,unlocated,,https://www.google.com/maps/search/?api=1&query=Big%20Ogeechee%20substation%20Georgia,"Construct a new substation near Little Ogeechee, adjacent to the 500kV and 230kV shared right of way for McCall Road - Thalmann 500kV and the Little Ogeechee - Meldrim 230kV Black and White lines. The new substation will loop in the existing McCall Road - Thalmann 500kV line, the existing Little Ogeechee - Meldrim 230kV lines, and accommodate a new 1344MVA 500/230kV auto transformers with an additional 230kV connection to Little Ogeechee.",sub=McCall Road;sub=Thalmann;sub=Little Ogeechee;sub=Meldrim,FIND,"Thalmann at 31.29346,-81.68078",,True,savannah_coast,
GPC,20277,SAV: MCINTOSH - PURRYSBURG 230KV REACTORS,2,Purrysburg,,,,low,,https://www.google.com/maps/search/?api=1&query=Purrysburg%20substation%20South%20Carolina,Install reactors on the McIntosh - Purrysburg (Black and White) 230kV tie lines at McIntosh. Rebuild 0.1 miles (GPC portion) for both lines to (2) 200C 1351 ACSS conductor.,miles=0.1;sub=McIntosh;sub=Purrysburg,FIND,"McIntosh at 32.35682,-81.17035",0.1,True,savannah_coast,
GPC,20989,SAV: RICE HOPE NEW AUTO TRANSFORMER,1,Rice Hope,,,,unlocated,,https://www.google.com/maps/search/?api=1&query=Rice%20Hope%20substation%20Georgia,Install a new 230/115kV 400MVA auto transformer at Rice Hope and loop in the Crossgate - McIntosh 230kV line.,sub=Crossgate;sub=McIntosh,FIND,"McIntosh at 32.35212,-81.17511",,True,savannah_coast,
GPC,20277,SAV: MCINTOSH - PURRYSBURG 230KV REACTORS,1,McIntosh,32.356819,-81.170346,osm,low,https://www.openstreetmap.org/way/163526649,"https://www.google.com/maps?q=32.356819,-81.170346",Install reactors on the McIntosh - Purrysburg (Black and White) 230kV tie lines at McIntosh. Rebuild 0.1 miles (GPC portion) for both lines to (2) 200C 1351 ACSS conductor.,miles=0.1;sub=McIntosh;sub=Purrysburg,CHECK,,0.1,True,savannah_coast,
GPC,20407,SAV: MAGNOLIA - TRUMAN PARKWAY 115KV REBUILD,1,Magnolia,32.022687,-81.086181,osm,low,https://www.openstreetmap.org/way/121857248,"https://www.google.com/maps?q=32.022687,-81.086181",Rebuild 3 miles of the Magnolia - Truman Parkway 115kV from 75C 927 ACAR to 200C 1351 ACSS Martin conductor or higher rated conductor. Upgrade 1200A switches at Magnolia substation to 2000A switches and jumpers at Truman Parkway.,miles=3;sub=Magnolia;sub=Truman Parkway,CHECK,,3,True,savannah_coast,
GPC,20407,SAV: MAGNOLIA - TRUMAN PARKWAY 115KV REBUILD,2,Truman Parkway,32.040378,-81.071942,nominatim,low,https://www.openstreetmap.org/way/632986607,"https://www.google.com/maps?q=32.040378,-81.071942",Rebuild 3 miles of the Magnolia - Truman Parkway 115kV from 75C 927 ACAR to 200C 1351 ACSS Martin conductor or higher rated conductor. Upgrade 1200A switches at Magnolia substation to 2000A switches and jumpers at Truman Parkway.,miles=3;sub=Magnolia;sub=Truman Parkway,CHECK,"Magnolia at 32.02269,-81.08618",3,True,savannah_coast,
GPC,17075,SAV: LITTLE OGEECHEE 230- 115KV: RELAY MODERNIZATION,1,Little Ogeechee,32.006786,-81.253151,osm,medium,https://www.openstreetmap.org/way/121701191,"https://www.google.com/maps?q=32.006786,-81.253151",Relay modernization with conversion of the 230kV ring bus to BAAH topology and addition of BAAH rung for Big Ogeechee - Little Ogeechee (Red) 230kV Line. Rebuild 115kV straight bus to BAAH design.,sub=Big Ogeechee;sub=Little Ogeechee,VERIFY,,,True,savannah_coast,
GPC,20065,SAV: GOSHEN (SAV) - MCINTOSH 115KV LINE REBUILD,1,Goshen,32.248701,-81.209472,osm,medium,https://www.openstreetmap.org/way/1008141064,"https://www.google.com/maps?q=32.248701,-81.209472","Rebuild the Goshen (Savannah) - Georgia Pacific (Rincon) section, approximately 6.7 miles, of the Goshen (Sav) - McIntosh 115kV line using 100C 795 ACSR Drake conductor.",miles=6.7,VERIFY,,6.7,True,savannah_coast,
GPC,20065,SAV: GOSHEN (SAV) - MCINTOSH 115KV LINE REBUILD,2,McIntosh,32.356819,-81.170346,osm,medium,https://www.openstreetmap.org/way/163526649,"https://www.google.com/maps?q=32.356819,-81.170346","Rebuild the Goshen (Savannah) - Georgia Pacific (Rincon) section, approximately 6.7 miles, of the Goshen (Sav) - McIntosh 115kV line using 100C 795 ACSR Drake conductor.",miles=6.7,VERIFY,,6.7,True,savannah_coast,
GPC,20783,SAV: COLEMAN - DEAN FOREST 115KV LINE REBUILD,1,Coleman,32.107720,-81.226912,osm,medium,https://www.openstreetmap.org/way/608270486,"https://www.google.com/maps?q=32.107720,-81.226912",Rebuild entire line from Coleman to Dean Forest. 6.67 miles of 100C 477 Hawk Conductor with 200C 1351 ACSS Martin conductor.,miles=6.67;sub=Coleman;sub=Dean Forest,VERIFY,,6.67,True,savannah_coast,
GPC,20783,SAV: COLEMAN - DEAN FOREST 115KV LINE REBUILD,2,Dean Forest,32.083510,-81.188722,osm,medium,https://www.openstreetmap.org/way/121674829,"https://www.google.com/maps?q=32.083510,-81.188722",Rebuild entire line from Coleman to Dean Forest. 6.67 miles of 100C 477 Hawk Conductor with 200C 1351 ACSS Martin conductor.,miles=6.67;sub=Coleman;sub=Dean Forest,VERIFY,,6.67,True,savannah_coast,
GPC,20784,SAV: COLEMAN - MELDRIM 115KV LINE REBUILD,1,Coleman,32.107720,-81.226912,osm,medium,https://www.openstreetmap.org/way/608270486,"https://www.google.com/maps?q=32.107720,-81.226912",Rebuild 3 miles of the Coleman - Meldrim 115kV line from Four Lakes to Meldrim with 200C 1351 ACSS.,miles=3;sub=Coleman;sub=Meldrim;sub=Four Lakes,VERIFY,,3,True,savannah_coast,
GPC,20784,SAV: COLEMAN - MELDRIM 115KV LINE REBUILD,2,Meldrim,32.155282,-81.368377,osm,medium,https://www.openstreetmap.org/way/121624363,"https://www.google.com/maps?q=32.155282,-81.368377",Rebuild 3 miles of the Coleman - Meldrim 115kV line from Four Lakes to Meldrim with 200C 1351 ACSS.,miles=3;sub=Coleman;sub=Meldrim;sub=Four Lakes,VERIFY,,3,True,savannah_coast,
GPC,20787,SAV: LITTLE OGEECHEE 230/115KV BANK REPLACEMENT,1,Little Ogeechee,32.006786,-81.253151,osm,medium,https://www.openstreetmap.org/way/121701191,"https://www.google.com/maps?q=32.006786,-81.253151",Replace SATX 280MVA auto transformer with 400MVA auto transformer.,,VERIFY,,,True,savannah_coast,
GPC,20796,SAV: MELDRIM BANK D REPLACEMENT,1,Meldrim,32.155282,-81.368377,osm,medium,https://www.openstreetmap.org/way/121624363,"https://www.google.com/maps?q=32.155282,-81.368377",Replace 300 MVA 230/115kV Bank D with 400 MVA Bank.,,VERIFY,,,True,savannah_coast,
GPC,20066,SAV: BOULEVARD - DEPTFORD 115KV RECONDUCTOR,1,Boulevard,32.041231,-81.144464,osm,high,https://www.openstreetmap.org/way/381797798,"https://www.google.com/maps?q=32.041231,-81.144464",Reconductor the Boulevard - Deptford 115kV line (approximately 8 miles) using 973.1 C7 ACCS (Everglades) conductor. Upgrade main bus and jumpers at Bolton substation from 90C 1590 AAC Coreopsis to 90C (2)1590 AAC Coreopsis or higher rated equipment.,miles=8;sub=Boulevard;sub=Deptford;sub=Bolton,CONFIRM,,8,True,savannah_coast,
GPC,20066,SAV: BOULEVARD - DEPTFORD 115KV RECONDUCTOR,2,Deptford,32.066828,-81.048384,osm,high,https://www.openstreetmap.org/way/122007500,"https://www.google.com/maps?q=32.066828,-81.048384",Reconductor the Boulevard - Deptford 115kV line (approximately 8 miles) using 973.1 C7 ACCS (Everglades) conductor. Upgrade main bus and jumpers at Bolton substation from 90C 1590 AAC Coreopsis to 90C (2)1590 AAC Coreopsis or higher rated equipment.,miles=8;sub=Boulevard;sub=Deptford;sub=Bolton,CONFIRM,,8,True,savannah_coast,
GPC,20067,SAV: DEPTFORD - MAGNOLIA 115KV RECONDUCTOR,1,Deptford,32.066828,-81.048384,osm,high,https://www.openstreetmap.org/way/122007500,"https://www.google.com/maps?q=32.066828,-81.048384",Reconductor the Deptford - Magnolia 115kV line (approximately 5 miles) using 973.1 C7 ACCS (Everglades) conductor and upgrade the Deptford main bus.,miles=5;sub=Deptford;sub=Magnolia,CONFIRM,,5,True,savannah_coast,
GPC,20067,SAV: DEPTFORD - MAGNOLIA 115KV RECONDUCTOR,2,Magnolia,32.022687,-81.086181,osm,high,https://www.openstreetmap.org/way/121857248,"https://www.google.com/maps?q=32.022687,-81.086181",Reconductor the Deptford - Magnolia 115kV line (approximately 5 miles) using 973.1 C7 ACCS (Everglades) conductor and upgrade the Deptford main bus.,miles=5;sub=Deptford;sub=Magnolia,CONFIRM,,5,True,savannah_coast,
GPC,20785,SAV: GOSHEN (SAV) - KRAFT 115KV LINE REBUILD,1,Goshen,32.248701,-81.209472,osm,high,https://www.openstreetmap.org/way/1008141064,"https://www.google.com/maps?q=32.248701,-81.209472",Rebuild 9.3 miles of Goshen - Kraft 115kV line from Kraft - Godley J - Rice Hope from 100C 795 ACSR Drake to 200C 1351 ACSS Martin.,miles=9.3;sub=Goshen;sub=Kraft;sub=Godley J,CONFIRM,,9.3,True,savannah_coast,
GPC,20785,SAV: GOSHEN (SAV) - KRAFT 115KV LINE REBUILD,2,Kraft,32.148135,-81.145983,osm,high,https://www.openstreetmap.org/way/121986375,"https://www.google.com/maps?q=32.148135,-81.145983",Rebuild 9.3 miles of Goshen - Kraft 115kV line from Kraft - Godley J - Rice Hope from 100C 795 ACSR Drake to 200C 1351 ACSS Martin.,miles=9.3;sub=Goshen;sub=Kraft;sub=Godley J,CONFIRM,,9.3,True,savannah_coast,
GPC,21006,SAV: BOULEVARD - MAGNOLIA 115 KV LINE REBUILD,1,Boulevard,32.041231,-81.144464,osm,high,https://www.openstreetmap.org/way/381797798,"https://www.google.com/maps?q=32.041231,-81.144464",Rebuild the entire line from Boulevard to Magnolia (4.56 miles) from 100C 795 ACSR Drake to 200C 1351 ACSS Martin,miles=4.56;sub=Boulevard;sub=Magnolia,CONFIRM,,4.56,True,savannah_coast,
GPC,21006,SAV: BOULEVARD - MAGNOLIA 115 KV LINE REBUILD,2,Magnolia,32.022687,-81.086181,osm,high,https://www.openstreetmap.org/way/121857248,"https://www.google.com/maps?q=32.022687,-81.086181",Rebuild the entire line from Boulevard to Magnolia (4.56 miles) from 100C 795 ACSR Drake to 200C 1351 ACSS Martin,miles=4.56;sub=Boulevard;sub=Magnolia,CONFIRM,,4.56,True,savannah_coast,
GPC,21023,SAV: DEAN FOREST - LITTLE OGEECHEE 230 KV REBUILD,1,Dean Forest,32.083510,-81.188722,osm,high,https://www.openstreetmap.org/way/121674829,"https://www.google.com/maps?q=32.083510,-81.188722","Rebuild the entire line from Little Ogeechee - Salt Creek and Salt Creek - Dean Forest, approximately 8 miles, using 200C 1351 ACSS/Martin. Upgrade jumpers at the Little Ogeechee terminal.",miles=8;sub=Little Ogeechee;sub=Salt Creek;sub=Dean Forest,CONFIRM,,8,True,savannah_coast,
GPC,21023,SAV: DEAN FOREST - LITTLE OGEECHEE 230 KV REBUILD,2,Little Ogeechee,32.006786,-81.253151,osm,high,https://www.openstreetmap.org/way/121701191,"https://www.google.com/maps?q=32.006786,-81.253151","Rebuild the entire line from Little Ogeechee - Salt Creek and Salt Creek - Dean Forest, approximately 8 miles, using 200C 1351 ACSS/Martin. Upgrade jumpers at the Little Ogeechee terminal.",miles=8;sub=Little Ogeechee;sub=Salt Creek;sub=Dean Forest,CONFIRM,,8,True,savannah_coast,
GPC,16007,FENWICK STREET - SAND BAR FERRY 115KV (RECONDUCTOR/REBUILD),2,Sand Bar Ferry,,,,low,,https://www.google.com/maps/search/?api=1&query=Sand%20Bar%20Ferry%20substation%20Georgia,Reconductor approximately 2.72 miles of transmission line from Fenwick St to East Augusta Jct. with 100C 1351 ACSR conductor.,miles=2.72;sub=Fenwick St;sub=East Augusta Jct,FIND,,2.72,True,augusta_east,
GPC,19996,GOLDENS CREEK - WARRENTON PRIMARY 230KV REBUILD,1,Goldens Creek,,,,low,,https://www.google.com/maps/search/?api=1&query=Goldens%20Creek%20substation%20Georgia,Rebuild approximately 0.34 miles of the Goldens Creek - Warrenton Primary 230kV line from 100C 1 - 1351.5 ACSR Martin conductor to 200C 1351 ACCR Martin conductor or equivalent.,miles=0.34;sub=Goldens Creek;sub=Warrenton Primary,FIND,"Warrenton Primary at 33.38050,-82.68730",0.34,True,augusta_east,
GPC,20756,HATCH - WADLEY 500 KV LINE STRATEGIC PROJECT,1,Hatch,,,,low,,https://www.google.com/maps/search/?api=1&query=Hatch%20plant%20Georgia,Construct a new 500kV line from Hatch - Wadley Primary.,sub=Hatch;sub=Wadley Primary,FIND,"Wadley at 32.80856,-82.39747",,True,augusta_east,
GPC,16007,FENWICK STREET - SAND BAR FERRY 115KV (RECONDUCTOR/REBUILD),1,Fenwick Street,33.478196,-81.995678,nominatim,low,https://www.openstreetmap.org/way/9451261,"https://www.google.com/maps?q=33.478196,-81.995678",Reconductor approximately 2.72 miles of transmission line from Fenwick St to East Augusta Jct. with 100C 1351 ACSR conductor.,miles=2.72;sub=Fenwick St;sub=East Augusta Jct,CHECK,,2.72,True,augusta_east,
GPC,19996,GOLDENS CREEK - WARRENTON PRIMARY 230KV REBUILD,2,Warrenton Primary,33.380501,-82.687296,osm,low,https://www.openstreetmap.org/way/170296005,"https://www.google.com/maps?q=33.380501,-82.687296",Rebuild approximately 0.34 miles of the Goldens Creek - Warrenton Primary 230kV line from 100C 1 - 1351.5 ACSR Martin conductor to 200C 1351 ACCR Martin conductor or equivalent.,miles=0.34;sub=Goldens Creek;sub=Warrenton Primary,CHECK,,0.34,True,augusta_east,
GPC,20271,MEAG: RAY PLACE RD - WASHINGTON (WASHINGTON - WASHINGTON 3),1,Ray Place Rd,33.468258,-82.819772,osm,low,https://www.openstreetmap.org/way/1085484843,"https://www.google.com/maps?q=33.468258,-82.819772",MEAG will rebuild the Ray Place Rd - Washington 115kV line with 100C 1351 ACSR conductor (total 1.2 Miles) between Washington and Washington 3. Replace jumpers at Washington.,miles=1.2;sub=Ray Place Rd;sub=Washington,CHECK,"Washington at 33.70650,-82.75320",1.2,True,augusta_east,
GPC,20271,MEAG: RAY PLACE RD - WASHINGTON (WASHINGTON - WASHINGTON 3),2,Washington,33.706504,-82.753196,osm,low,https://www.openstreetmap.org/way/490789707,"https://www.google.com/maps?q=33.706504,-82.753196",MEAG will rebuild the Ray Place Rd - Washington 115kV line with 100C 1351 ACSR conductor (total 1.2 Miles) between Washington and Washington 3. Replace jumpers at Washington.,miles=1.2;sub=Ray Place Rd;sub=Washington,CHECK,"Ray Place Rd at 33.46826,-82.81977",1.2,True,augusta_east,
GPC,20756,HATCH - WADLEY 500 KV LINE STRATEGIC PROJECT,2,Wadley,32.808561,-82.397465,osm,low,https://www.openstreetmap.org/way/170822073,"https://www.google.com/maps?q=32.808561,-82.397465",Construct a new 500kV line from Hatch - Wadley Primary.,sub=Hatch;sub=Wadley Primary,CHECK,,,True,augusta_east,
GPC,14222,THOMSON PRIMARY 230/115KV SECOND TRANSFORMER,1,Thomson Primary,33.453955,-82.414219,osm,medium,https://www.openstreetmap.org/way/160065782,"https://www.google.com/maps?q=33.453955,-82.414219","Install a second 400 MVA, 230/115kV auto transformer at Thomson Primary substation.",sub=Thomson Primary,VERIFY,,,True,augusta_east,
GPC,20793,EVANS PRIMARY - THURMOND DAM (USA) #5 115KV REBUILD,1,Evans Primary,33.543994,-82.168648,osm,medium,https://www.openstreetmap.org/way/52103255,"https://www.google.com/maps?q=33.543994,-82.168648",Rebuild approximately 5.45 miles of Euchee Creek - Thurmond Dam segment of the Evans Primary - Thurmond Dam (USA) #5 115kV line with 200C 1351 ACSS Martin conductor. Replace the main bus with a larger element at Thurmond Dam (USA).,miles=5.45;sub=Euchee Creek;sub=Thurmond Dam;sub=Evans Primary,VERIFY,,5.45,True,augusta_east,
GPC,20793,EVANS PRIMARY - THURMOND DAM (USA) #5 115KV REBUILD,2,Thurmond Dam,33.661157,-82.197727,osm,medium,https://www.openstreetmap.org/way/1042037357,"https://www.google.com/maps?q=33.661157,-82.197727",Rebuild approximately 5.45 miles of Euchee Creek - Thurmond Dam segment of the Evans Primary - Thurmond Dam (USA) #5 115kV line with 200C 1351 ACSS Martin conductor. Replace the main bus with a larger element at Thurmond Dam (USA).,miles=5.45;sub=Euchee Creek;sub=Thurmond Dam;sub=Evans Primary,VERIFY,,5.45,True,augusta_east,
GPC,21116,GOSHEN AREA STRATEGIC SOLUTION,1,Goshen,33.319760,-81.995312,osm,medium,https://www.openstreetmap.org/way/52019569,"https://www.google.com/maps?q=33.319760,-81.995312","Construct a 230kV switching station on the Waynesboro - Wilson 230kV line and a new 230kV line between the switching station and Goshen, approximately 12.3 miles. Provides an alternate power flow path into Goshen outside of the existing constrained Goshen - Vogtle corridor.",miles=12.3;sub=Waynesboro;sub=Wilson;sub=Goshen;sub=Vogtle,VERIFY,,12.3,True,augusta_east,
GPC,21118,MEAG: ATHENA - WARRENTON 230KV CONVERSION,1,Athena,33.976403,-83.346119,osm,medium,https://www.openstreetmap.org/way/171540528,"https://www.google.com/maps?q=33.976403,-83.346119","Reconductor/rebuild and convert the 115kV lines from Athena - Union Point - Ray Place Road - Warrenton Primary to 230kV operation. Expand Athena 230kV bus for new line termination, construct 230kV bus at Union Point, and expand 230kV bus at Warrenton Primary for new line termination. Install 230/115kV auto transformers at Union Point Primary and Ray Place Road. Replace limiting network equipment at substations along the line.",sub=Athena;sub=Union Point;sub=Ray Place Road;sub=Warrenton Primary,VERIFY,,,True,augusta_east,
GPC,21118,MEAG: ATHENA - WARRENTON 230KV CONVERSION,2,Warrenton,33.380501,-82.687296,osm,medium,https://www.openstreetmap.org/way/170296005,"https://www.google.com/maps?q=33.380501,-82.687296","Reconductor/rebuild and convert the 115kV lines from Athena - Union Point - Ray Place Road - Warrenton Primary to 230kV operation. Expand Athena 230kV bus for new line termination, construct 230kV bus at Union Point, and expand 230kV bus at Warrenton Primary for new line termination. Install 230/115kV auto transformers at Union Point Primary and Ray Place Road. Replace limiting network equipment at substations along the line.",sub=Athena;sub=Union Point;sub=Ray Place Road;sub=Warrenton Primary,VERIFY,,,True,augusta_east,
GPC,17993,EVANS PRIMARY - THOMSON PRIMARY 115KV REBUILD,1,Evans Primary,33.543994,-82.168648,osm,high,https://www.openstreetmap.org/way/52103255,"https://www.google.com/maps?q=33.543994,-82.168648","Rebuild the existing 100C 336 ACSR conductor for the Thomson Primary to Pumpkin Center 115kV line section (approximately 5.28 miles), part of the Evans Primary - Thomson Primary 115kV line with 200C 1351 ACSS Martin conductor.",miles=5.28;sub=Evans Primary;sub=Thomson Primary,CONFIRM,,5.28,True,augusta_east,
GPC,17993,EVANS PRIMARY - THOMSON PRIMARY 115KV REBUILD,2,Thomson Primary,33.453955,-82.414219,osm,high,https://www.openstreetmap.org/way/160065782,"https://www.google.com/maps?q=33.453955,-82.414219","Rebuild the existing 100C 336 ACSR conductor for the Thomson Primary to Pumpkin Center 115kV line section (approximately 5.28 miles), part of the Evans Primary - Thomson Primary 115kV line with 200C 1351 ACSS Martin conductor.",miles=5.28;sub=Evans Primary;sub=Thomson Primary,CONFIRM,,5.28,True,augusta_east,
GPC,20010,GTC: ANTHONY SHOALS - WASHINGTON 115 KV LINE REBUILD,1,Anthony Shoals,34.001832,-82.636279,osm,high,https://www.openstreetmap.org/way/171540506,"https://www.google.com/maps?q=34.001832,-82.636279",Rebuild 21 miles of the Double Branches Junction - Washington 115kV line section with 100C 795 ACSR conductor or higher rated conductor.,miles=21;sub=Double Branches Junction;sub=Washington,CONFIRM,,21,True,augusta_east,
GPC,20010,GTC: ANTHONY SHOALS - WASHINGTON 115 KV LINE REBUILD,2,Washington,33.706504,-82.753196,osm,high,https://www.openstreetmap.org/way/490789707,"https://www.google.com/maps?q=33.706504,-82.753196",Rebuild 21 miles of the Double Branches Junction - Washington 115kV line section with 100C 795 ACSR conductor or higher rated conductor.,miles=21;sub=Double Branches Junction;sub=Washington,CONFIRM,,21,True,augusta_east,
GPC,20264,MEAG: RAY PLACE RD - WARRENTON PRIMARY,1,Ray Place Rd,33.468258,-82.819772,osm,high,https://www.openstreetmap.org/way/1085484843,"https://www.google.com/maps?q=33.468258,-82.819772",Rebuild 10 miles of Ray Place - Warrenton Primary 115kV line with 100C 2 - 1351 ACSR conductor and replace 1590 AAC Coreopsis jumpers at Warrenton.,miles=10;sub=Ray Place;sub=Warrenton Primary,CONFIRM,,10,True,augusta_east,
GPC,20264,MEAG: RAY PLACE RD - WARRENTON PRIMARY,2,Warrenton Primary,33.380501,-82.687296,osm,high,https://www.openstreetmap.org/way/170296005,"https://www.google.com/maps?q=33.380501,-82.687296",Rebuild 10 miles of Ray Place - Warrenton Primary 115kV line with 100C 2 - 1351 ACSR conductor and replace 1590 AAC Coreopsis jumpers at Warrenton.,miles=10;sub=Ray Place;sub=Warrenton Primary,CONFIRM,,10,True,augusta_east,
GPC,20270,MEAG: RAY PLACE RD - WASHINGTON #3,1,Ray Place Rd,33.468258,-82.819772,osm,high,https://www.openstreetmap.org/way/1085484843,"https://www.google.com/maps?q=33.468258,-82.819772",Rebuild the Ray Place Rd - Washington 115kV line with 100C 795 ACSR conductor (total 17.4 Miles) between Ray Place Rd and Washington 2. Replace Jumpers and bus at Washington 2.,miles=17.4;sub=Ray Place Rd;sub=Washington,CONFIRM,,17.4,True,augusta_east,
GPC,20270,MEAG: RAY PLACE RD - WASHINGTON #3,2,Washington #3,33.706504,-82.753196,osm,high,https://www.openstreetmap.org/way/490789707,"https://www.google.com/maps?q=33.706504,-82.753196",Rebuild the Ray Place Rd - Washington 115kV line with 100C 795 ACSR conductor (total 17.4 Miles) between Ray Place Rd and Washington 2. Replace Jumpers and bus at Washington 2.,miles=17.4;sub=Ray Place Rd;sub=Washington,CONFIRM,,17.4,True,augusta_east,
GPC,20794,EVANS PRIMARY - THURMOND DAM (USA) #6 115KV REBUILD,1,Evans Primary,33.543994,-82.168648,osm,high,https://www.openstreetmap.org/way/52103255,"https://www.google.com/maps?q=33.543994,-82.168648",Rebuild approximately 8.9 miles of the Evans Primary - Thurmond Dam (USA) #6 115kV line with 200C 1351 ACSS Martin conductor. Replace the main bus with a larger element at Thurmond Dam (USA).,miles=8.9;sub=Evans Primary;sub=Thurmond Dam,CONFIRM,,8.9,True,augusta_east,
GPC,20794,EVANS PRIMARY - THURMOND DAM (USA) #6 115KV REBUILD,2,Thurmond Dam,33.661157,-82.197727,osm,high,https://www.openstreetmap.org/way/1042037357,"https://www.google.com/maps?q=33.661157,-82.197727",Rebuild approximately 8.9 miles of the Evans Primary - Thurmond Dam (USA) #6 115kV line with 200C 1351 ACSS Martin conductor. Replace the main bus with a larger element at Thurmond Dam (USA).,miles=8.9;sub=Evans Primary;sub=Thurmond Dam,CONFIRM,,8.9,True,augusta_east,
DESC,"06367 A - C, H",Riverport Tap: Construct Tap,2,Riverport,,,,low,,https://www.google.com/maps/search/?api=1&query=Riverport%20substation%20South%20Carolina,Construct Okatie – Riverport 230 kV to feed new Distribution substation.,,FIND,,,True,sc,
DESC,06367 D - G,Jasper – Okatie 230 kV #2: Construct,2,Okatie,,,,low,,https://www.google.com/maps/search/?api=1&query=Okatie%20substation%20South%20Carolina,Construct a 230 kV line with B1272 ACSR from Jasper to Okatie 230/115kV Substation. The line is estimated to be 6.5 miles long. This makes Jasper a Medium Impact substation and will require a new CIP Hut.,miles=6.5;sub=Jasper;sub=Okatie,FIND,"Jasper at 32.36070,-81.12415",6.5,True,sc,
DESC,6808 L,Burton-St Helena 115kV: Frogmore Distribution - St Helena,2,St Helena,,,,low,,https://www.google.com/maps/search/?api=1&query=St%20Helena%20substation%20South%20Carolina,Replace wooden structures with Self Supporting Steel Structures and upgrade to 795 ACSR for the Frogmore Distribution Tap – St. Helena section.,,FIND,"Frogmore Distribution at 32.39913,-80.57113",,True,sc,
DESC,6809 E,Stevens Creek - Hooks 115kV/LR Plumb Branch 46kV Rebuilds,1,Stevens Creek,,,,unlocated,,https://www.google.com/maps/search/?api=1&query=Stevens%20Creek%20substation%20South%20Carolina,9.5 miles. Scope includes rebuilding the 115 and 46 kV lines in this corridor SPDC.,miles=9.5,FIND,,9.5,True,sc,
DESC,6809 E,Stevens Creek - Hooks 115kV/LR Plumb Branch 46kV Rebuilds,2,Hooks,,,,unlocated,,https://www.google.com/maps/search/?api=1&query=Hooks%20substation%20South%20Carolina,9.5 miles. Scope includes rebuilding the 115 and 46 kV lines in this corridor SPDC.,miles=9.5,FIND,,9.5,True,sc,
DESC,6809 G,Stevens Creek - Hooks 115kV/LR Plumb Branch 46kV,1,Stevens Creek,,,,unlocated,,https://www.google.com/maps/search/?api=1&query=Stevens%20Creek%20substation%20South%20Carolina,Upgrade 6.5 miles of aging conductor with 1272 ACSR and rebuild with SPDC.,miles=6.5,FIND,,6.5,True,sc,
DESC,6809 G,Stevens Creek - Hooks 115kV/LR Plumb Branch 46kV,2,Hooks,,,,unlocated,,https://www.google.com/maps/search/?api=1&query=Hooks%20substation%20South%20Carolina,Upgrade 6.5 miles of aging conductor with 1272 ACSR and rebuild with SPDC.,miles=6.5,FIND,,6.5,True,sc,
DESC,6810 A,Hooks - Thurmond 115kV Tie: Rebuild,1,Hooks,,,,low,,https://www.google.com/maps/search/?api=1&query=Hooks%20substation%20South%20Carolina,"Rebuilding section of line between Hooks and Thurmond. Approximately 2.3 miles. The line will be rebuilt on existing R/W using steel poles, 115 kV insulation, and 1272 ACSR conductor.",miles=2.3,FIND,"Thurmond at 33.66013,-82.19593",2.3,True,sc,
DESC,6810 O,Urquhart – Aiken PSA 46 kV: Rebuild,2,Aiken PSA,,,,low,,https://www.google.com/maps/search/?api=1&query=Aiken%20PSA%20substation%20South%20Carolina,Rebuilding the section of 46 kV line from Urquhart to the Aiken PSA tap point. TBD if the scope of this project includes rebuilding the actual tap Aiken PSA. 4.5 miles.,miles=4.5;sub=Urquhart;sub=Aiken PSA,FIND,"Urquhart at 33.43338,-81.90921",4.5,True,sc,
DESC,"0139 M,N","Okatie 230-115kV Substation, Jasper – Yemassee 230kV #1 Fold-in",1,Okatie,32.295634,-80.944810,nominatim,low,https://www.openstreetmap.org/way/1152878522,"https://www.google.com/maps?q=32.295634,-80.944810","Expand existing Okatie Transmission sub, add a 230-115 autobank and fold the Jasper – Yemassee 230 kV #1 line into the 230 kV side. Construct two additional 115 kV bus tie lines.",,CHECK,,,True,sc,
DESC,"06367 A - C, H",Riverport Tap: Construct Tap,1,Okatie,32.295634,-80.944810,nominatim,low,https://www.openstreetmap.org/way/1152878522,"https://www.google.com/maps?q=32.295634,-80.944810",Construct Okatie – Riverport 230 kV to feed new Distribution substation.,,CHECK,,,True,sc,
DESC,06367 D - G,Jasper – Okatie 230 kV #2: Construct,1,Jasper,32.360699,-81.124152,osm,low,https://www.openstreetmap.org/way/185380597,"https://www.google.com/maps?q=32.360699,-81.124152",Construct a 230 kV line with B1272 ACSR from Jasper to Okatie 230/115kV Substation. The line is estimated to be 6.5 miles long. This makes Jasper a Medium Impact substation and will require a new CIP Hut.,miles=6.5;sub=Jasper;sub=Okatie,CHECK,,6.5,True,sc,
DESC,6359,Yemassee– Ritter 230kV #1 & #2: Construct SPDC with B-1272,1,Yemassee,32.697426,-80.863793,osm,low,https://www.openstreetmap.org/way/185317032,"https://www.google.com/maps?q=32.697426,-80.863793",Construct Ritter – Yemassee 230kV #1 and #2 SPDC with B1272 ACSR on both sides. Convert the existing Ritter – Yemassee 230 kV to 115 kV operation. Convert and add terminals at Ritter and Yemassee. Add 230 kV bus tie at Ritter and upgrade the Yemassee 230 kV bus tie.,,CHECK,,,True,sc,
DESC,6359,Yemassee– Ritter 230kV #1 & #2: Construct SPDC with B-1272,2,Ritter,32.789620,-80.630382,nominatim,low,https://www.openstreetmap.org/node/153897332,"https://www.google.com/maps?q=32.789620,-80.630382",Construct Ritter – Yemassee 230kV #1 and #2 SPDC with B1272 ACSR on both sides. Convert the existing Ritter – Yemassee 230 kV to 115 kV operation. Convert and add terminals at Ritter and Yemassee. Add 230 kV bus tie at Ritter and upgrade the Yemassee 230 kV bus tie.,,CHECK,"Yemassee at 32.69743,-80.86379",,True,sc,
DESC,6808 L,Burton-St Helena 115kV: Frogmore Distribution - St Helena,1,Frogmore Distribution,32.399132,-80.571127,osm,low,https://www.openstreetmap.org/way/1064802545,"https://www.google.com/maps?q=32.399132,-80.571127",Replace wooden structures with Self Supporting Steel Structures and upgrade to 795 ACSR for the Frogmore Distribution Tap – St. Helena section.,,CHECK,,,True,sc,
DESC,6808 S,Okatie-Bluffton 115kV: Rebuild,1,Okatie,32.295634,-80.944810,nominatim,low,https://www.openstreetmap.org/way/1152878522,"https://www.google.com/maps?q=32.295634,-80.944810",Replace wooden H-Frame structures with Self Supporting Steel Structures and upgrade conductor to standard 1272 ACSR.,,CHECK,"Bluffton at 32.23503,-80.85338",,True,sc,
DESC,6808 S,Okatie-Bluffton 115kV: Rebuild,2,Bluffton,32.235027,-80.853384,osm,low,https://www.openstreetmap.org/way/498967268,"https://www.google.com/maps?q=32.235027,-80.853384",Replace wooden H-Frame structures with Self Supporting Steel Structures and upgrade conductor to standard 1272 ACSR.,,CHECK,,,True,sc,
DESC,6809 N,Batesburg - Saluda County 115kV: Rebuild,1,Batesburg,33.913487,-81.564435,osm,low,https://www.openstreetmap.org/way/178951280,"https://www.google.com/maps?q=33.913487,-81.564435",Rebuild 13.5 miles of conductor.,miles=13.5,CHECK,,13.5,True,sc,
DESC,6809 N,Batesburg - Saluda County 115kV: Rebuild,2,Saluda County,34.000813,-81.746808,nominatim,low,https://www.openstreetmap.org/relation/2532520,"https://www.google.com/maps?q=34.000813,-81.746808",Rebuild 13.5 miles of conductor.,miles=13.5,CHECK,"Batesburg at 33.91349,-81.56444",13.5,True,sc,
DESC,6810 A,Hooks - Thurmond 115kV Tie: Rebuild,2,Thurmond,33.660127,-82.195931,osm,low,https://www.openstreetmap.org/way/52102019,"https://www.google.com/maps?q=33.660127,-82.195931","Rebuilding section of line between Hooks and Thurmond. Approximately 2.3 miles. The line will be rebuilt on existing R/W using steel poles, 115 kV insulation, and 1272 ACSR conductor.",miles=2.3,CHECK,,2.3,True,sc,
DESC,6810 O,Urquhart – Aiken PSA 46 kV: Rebuild,1,Urquhart,33.433378,-81.909209,osm,low,https://www.openstreetmap.org/way/449466234,"https://www.google.com/maps?q=33.433378,-81.909209",Rebuilding the section of 46 kV line from Urquhart to the Aiken PSA tap point. TBD if the scope of this project includes rebuilding the actual tap Aiken PSA. 4.5 miles.,miles=4.5;sub=Urquhart;sub=Aiken PSA,CHECK,,4.5,True,sc,
DESC,06371 D,Wagener 115kV Tap: Construct Tap,1,Wagener,33.650112,-81.360566,osm,medium,https://www.openstreetmap.org/way/993540535,"https://www.google.com/maps?q=33.650112,-81.360566",Constructing a 115 kV Tap off the Edmund Switching Station- Owens Corning 115 kV Line to feed new Wagener Distribution substation.,,VERIFY,,,True,sc,
DESC,6808 K,Burton-St Helena 115kV: Rebuild Burton-Frogmore Transmission Section,1,Burton,32.436488,-80.721016,osm,medium,https://www.openstreetmap.org/way/185362029,"https://www.google.com/maps?q=32.436488,-80.721016",Replace wooden structures with Self Supporting Steel Structures and restring with 1272 ACSR conductor for the Burton – Frogmore Transmission section.,,VERIFY,,,True,sc,
DESC,6808 K,Burton-St Helena 115kV: Rebuild Burton-Frogmore Transmission Section,2,Frogmore,32.399132,-80.571127,osm,medium,https://www.openstreetmap.org/way/1064802545,"https://www.google.com/maps?q=32.399132,-80.571127",Replace wooden structures with Self Supporting Steel Structures and restring with 1272 ACSR conductor for the Burton – Frogmore Transmission section.,,VERIFY,,,True,sc,
DESC,6852,Urquhart – Toolebeck 115kV line: Rebuild,1,Urquhart,33.433378,-81.909209,osm,medium,https://www.openstreetmap.org/way/449466234,"https://www.google.com/maps?q=33.433378,-81.909209",Upgrade the 477 ACSR portions of the Urquhart – Toolebeck 115 kV line to 1272 ACSR. Replace existing structures with Single Pole Double Circuit Structures. Approximately 12.5 miles.,miles=12.5,VERIFY,,12.5,True,sc,
DESC,6852,Urquhart – Toolebeck 115kV line: Rebuild,2,Toolebeck,33.534632,-81.669327,osm,medium,https://www.openstreetmap.org/way/1073259467,"https://www.google.com/maps?q=33.534632,-81.669327",Upgrade the 477 ACSR portions of the Urquhart – Toolebeck 115 kV line to 1272 ACSR. Replace existing structures with Single Pole Double Circuit Structures. Approximately 12.5 miles.,miles=12.5,VERIFY,,12.5,True,sc,
GPC,13166,FIRST AVENUE - NORTH COLUMBUS 115KV LINE REBUILD,2,North Columbus,,,,low,,https://www.google.com/maps/search/?api=1&query=North%20Columbus%20substation%20Georgia,Rebuild the 0.9 miles North Columbus - First Avenue 115kV line (currently 75C 657 ACAR) with 200C 1351 ACSS conductor.,miles=0.9;sub=North Columbus;sub=First Avenue,FIND,,0.9,False,atlanta_metro,
GPC,18736,CC - MICROSOFT - SHUGART (CCO06),2,Shugart,,,,low,,https://www.google.com/maps/search/?api=1&query=Shugart%20substation%20Georgia,"GPC will rebuild the Line Creek 230kV substation as breaker and a half configuration and connect the Morrow - Yates 230kV line and the Union City - Yates 230kV White line into Line Creek. For the Union City - Yates 230kV Black line, terminate the line from the Yates side into Shugart Farms, and the line from the Union City side into Line Creek. Build two short lines from Line Creek to Shugart Farms (0.3 miles each) with 100C 1351 ACSR Martin conductor.",miles=0.3;sub=Morrow;sub=Yates;sub=Union City;sub=Shugart Farms,FIND,"Morrow at 33.60593,-84.33346",0.3,False,atlanta_metro,
GPC,18889,JEFFERSON STREET#3 - NORTHWEST (WHITE) 115 KV RECONDUCTOR,1,Jefferson Street#3,,,,unlocated,,https://www.google.com/maps/search/?api=1&query=Jefferson%20Street%233%20substation%20Georgia,Rebuild the 115kV White line from Northwest to Jefferson Street #3 (1.2 miles) with 200C 1351 ACSS conductor.,miles=1.2;sub=Northwest;sub=Jefferson Street,FIND,,1.2,False,atlanta_metro,
GPC,18889,JEFFERSON STREET#3 - NORTHWEST (WHITE) 115 KV RECONDUCTOR,2,Northwest,,,,unlocated,,https://www.google.com/maps/search/?api=1&query=Northwest%20substation%20Georgia,Rebuild the 115kV White line from Northwest to Jefferson Street #3 (1.2 miles) with 200C 1351 ACSS conductor.,miles=1.2;sub=Northwest;sub=Jefferson Street,FIND,,1.2,False,atlanta_metro,
GPC,19287,GRADY-WEST END 115KV REBUILD,1,Grady,,,,low,,https://www.google.com/maps/search/?api=1&query=Grady%20substation%20Georgia,Reconductor the Grady - West End 115kV line (2.6 miles) using 200C 1351 ACSS Martin.,miles=2.6;sub=Grady;sub=West End,FIND,,2.6,False,atlanta_metro,
GPC,19597,ADAMSVILLE - BUZZARD ROOST 230KV REBUILD AND JUMPER UPGRADE,2,Buzzard Roost,,,,low,,https://www.google.com/maps/search/?api=1&query=Buzzard%20Roost%20substation%20Georgia,Rebuild the line sections from Adamsville to Boat Rock Road (8.08 miles) on the Adamsville - Buzzard Roost 230kV line with 200C 1351 ACSS Martin conductor. Replace the AAC 750 jumper on the line at Adamsville with (2) 1590 AAC jumper. Replace 1590 AAC jumpers at Bakers Ferry and Boat Rock with (2) 1590 AAC jumpers. Replace 1600A line switches at Boat Rock with 3000A switches.,miles=8.08;sub=Adamsville;sub=Buzzard Roost;sub=Boat Rock Road,FIND,,8.08,False,atlanta_metro,
GPC,19635,GTC: HICKORY LEVEL - VILLA RICA 230KV LINE RECONDUCTOR,1,Hickory Level,,,,low,,https://www.google.com/maps/search/?api=1&query=Hickory%20Level%20substation%20Georgia,GTC will reconductor from 100C 1351 ACSR to 160C 1351 ACSS on 8.6 miles of 230kV line. A 2000A line trap at Villa Rica will also be replaced with a 3000A line trap.,miles=8.6,FIND,"Villa Rica at 33.74102,-84.85487",8.6,False,atlanta_metro,
GPC,19676,ADAMSVILLE - JACK MCDONOUGH 230KV LINE REBUILD,2,Jack McDonough,,,,low,,https://www.google.com/maps/search/?api=1&query=Jack%20McDonough%20plant%20Georgia,Rebuild the entire 6.1 mile Adamsville - Jack McDonough 230kV line with 160C 1351 ACSS.,miles=6.1;sub=Adamsville;sub=Jack McDonough,FIND,,6.1,False,atlanta_metro,
GPC,20150,CC - HILL VIEW & GRASSY HOLLOW SUB - CC IMPROVEMENTS,1,Hill View,,,,unlocated,,https://www.google.com/maps/search/?api=1&query=Hill%20View%20substation%20Georgia,Build two 230kV switching stations (Hill View and Grassy Hollow) looping into the Cartersville - McGrau Ford 230kV line (8.5 miles apart). Build two new 230kV lines: Cass Pine - Great Valley and Great Valley - Grassy Hollow (total 10.1 miles) with 200C 1351 ACSS Martin.,miles=8.5;miles=10.1;sub=Cartersville;sub=McGrau Ford;sub=Cass Pine;sub=Great Valley;sub=Grassy Hollow,FIND,"Cartersville at 34.17994,-84.81069",10.1,False,atlanta_metro,
GPC,20150,CC - HILL VIEW & GRASSY HOLLOW SUB - CC IMPROVEMENTS,2,Grassy Hollow,,,,unlocated,,https://www.google.com/maps/search/?api=1&query=Grassy%20Hollow%20substation%20Georgia,Build two 230kV switching stations (Hill View and Grassy Hollow) looping into the Cartersville - McGrau Ford 230kV line (8.5 miles apart). Build two new 230kV lines: Cass Pine - Great Valley and Great Valley - Grassy Hollow (total 10.1 miles) with 200C 1351 ACSS Martin.,miles=8.5;miles=10.1;sub=Cartersville;sub=McGrau Ford;sub=Cass Pine;sub=Great Valley;sub=Grassy Hollow,FIND,"Cartersville at 34.17994,-84.81069",10.1,False,atlanta_metro,
GPC,20152,CC - CASS PINE- HILL VIEW 230 KV LINE- CC IMPROVEMENTS,1,Cass Pine,,,,unlocated,,https://www.google.com/maps/search/?api=1&query=Cass%20Pine%20substation%20Georgia,Build a new 7.58 mile 200C 1351 ACSS conductor 230kV line between new Cass Pine and Hill View 230kV substations.,miles=7.58,FIND,,7.58,False,atlanta_metro,
GPC,20152,CC - CASS PINE- HILL VIEW 230 KV LINE- CC IMPROVEMENTS,2,Hill View,,,,unlocated,,https://www.google.com/maps/search/?api=1&query=Hill%20View%20substation%20Georgia,Build a new 7.58 mile 200C 1351 ACSS conductor 230kV line between new Cass Pine and Hill View 230kV substations.,miles=7.58,FIND,,7.58,False,atlanta_metro,
GPC,20243,CC - GARRETT ROAD SWITCHING STATION - TRAE LANE,1,Garrett Road,,,,low,,https://www.google.com/maps/search/?api=1&query=Garrett%20Road%20substation%20Georgia,Build the new Garrett Road 230kV switching station (three - element ring bus) splitting the Villa Rica - West Marietta 230kV line. Build a new 230kV line (8.6 miles) from the Trae Lane substation to the Garrett Road switching station with bundled 100C 1351 ACSR conductor.,miles=8.6;sub=Villa Rica;sub=West Marietta,FIND,"Villa Rica at 33.74102,-84.85487",8.6,False,atlanta_metro,
GPC,20474,GRADY 230/115KV RELAY MODERNIZATION,1,Grady,,,,unlocated,,https://www.google.com/maps/search/?api=1&query=Grady%20substation%20Georgia,"Upgrade protection on 230kV bus, all 115kV buses, and both 230/115kV auto transformers at Grady. Add adequate monitoring on DC supply. Install a 230kV breaker and associated switches on the high side of Grady 230/115kV auto transformer D.",,FIND,,,False,atlanta_metro,
GPC,20505,GTC: GARRETT RD - V. RICA 230KV LINE RECONDUCTOR (CC NET IM),1,Garrett Rd,,,,low,,https://www.google.com/maps/search/?api=1&query=Garrett%20Rd%20substation%20Georgia,"GTC will reconductor the section from East Villa Rica Switching station to Garrett Rd with 160C 1351 ACSS on 11.5 miles of the Garrett Road - Villa Rica 230kV line. Additionally, the 2.5 miles section from East Villa Rica Switching Station to Villa Rica will be rebuilt with bundled 200C 1351 ACSS Martin.",miles=11.5;miles=2.5;sub=Garrett Road;sub=Villa Rica,FIND,"V. Rica at 33.74102,-84.85487",2.5,False,atlanta_metro,
GPC,20509,CC - EMBLEM RIVERSIDE CUSTOMER SUB (FLEXENTIAL),1,Emblem Riverside,,,,unlocated,,https://www.google.com/maps/search/?api=1&query=Emblem%20Riverside%20Georgia,"A new customer substation, Emblem Riverside, is being built along the Buzzard Roost - Douglasville 230kV line. Moreover, a Fiber ICON ring is being built in the area to help with communications and protection for all customers in the area.",sub=Buzzard Roost;sub=Douglasville,FIND,,,False,atlanta_metro,
GPC,20761,ATKINSON - NORTHWEST 115KV REBUILD,2,Northwest,,,,low,,https://www.google.com/maps/search/?api=1&query=Northwest%20substation%20Georgia,Rebuild the 1.2 mile Atkinson - Tilford Yards section of the Atkinson - Northwest 115kV with 200C 1351 ACSS Martin.,miles=1.2;sub=Atkinson;sub=Tilford Yards;sub=Northwest,FIND,"Atkinson at 33.82548,-84.47142",1.2,False,atlanta_metro,
GPC,20777,JACK MCDONOUGH - NORTHWEST (BLACK) 230KV RECONDUCTOR,1,Jack McDonough,,,,unlocated,,https://www.google.com/maps/search/?api=1&query=Jack%20McDonough%20plant%20Georgia,Rebuild the Jack McDonough - Northwest (Black) 230kV line (4.59 miles) using 200C 1351 Elbrus/TW.,miles=4.59;sub=Jack McDonough;sub=Northwest,FIND,,4.59,False,atlanta_metro,
GPC,20777,JACK MCDONOUGH - NORTHWEST (BLACK) 230KV RECONDUCTOR,2,Northwest,,,,unlocated,,https://www.google.com/maps/search/?api=1&query=Northwest%20substation%20Georgia,Rebuild the Jack McDonough - Northwest (Black) 230kV line (4.59 miles) using 200C 1351 Elbrus/TW.,miles=4.59;sub=Jack McDonough;sub=Northwest,FIND,,4.59,False,atlanta_metro,
GPC,20781,CC - SUMMER LAKE - VILLA RICA 230KV REBUILD (CC IMPROVMNT),1,Summer Lake,,,,low,,https://www.google.com/maps/search/?api=1&query=Summer%20Lake%20substation%20Georgia,Rebuild the 2.5 mile section from Villa Rica to the new East Villa Rica Switching station on the Summer Lake - Villa Rica 230kV line with bundled 200C 1351 ACSS Martin.,miles=2.5;sub=Summer Lake;sub=Villa Rica,FIND,"Villa Rica at 33.74102,-84.85487",2.5,False,atlanta_metro,
GPC,20797,CC - EAST VILLA RICA AREA SWITCHING STATION (CC IMPROVEMENT),1,East Villa Rica,,,,unlocated,,https://www.google.com/maps/search/?api=1&query=East%20Villa%20Rica%20substation%20Georgia,Build a 7 rung breaker and a half switching station along the right of way of the (3) 230kV lines about 2.5 miles East of Villa Rica to service recently signed customers in the area. All three lines will terminate into this station.,miles=2.5,FIND,,2.5,False,atlanta_metro,
GPC,20849,GTC: CLIFTONDALE - LINE CREEK 230KV LINE,2,Line Creek,,,,low,,https://www.google.com/maps/search/?api=1&query=Line%20Creek%20substation%20Georgia,An 11.6 mile 230kV line is being built form Cliftondale to Line Creek with 200C 1351 ACSS Martin.,miles=11.6,FIND,,11.6,False,atlanta_metro,
GPC,20857,NEW CAVENDER DRIVE - TRIBUTARY 230KV LINE,1,New Cavender Drive,,,,low,,https://www.google.com/maps/search/?api=1&query=New%20Cavender%20Drive%20substation%20Georgia,Build a new 4 mile 230kV line from Cavender Drive to Tributary with 200C 1351 ACSS Martin.,miles=4;sub=Cavender Drive;sub=Tributary,FIND,,4,False,atlanta_metro,
GPC,20858,GTC: ADAMSVILLE - BUZZARD ROOST 230KV REBUILD,2,Buzzard Roost,,,,low,,https://www.google.com/maps/search/?api=1&query=Buzzard%20Roost%20substation%20Georgia,GTC plans to rebuild 5 miles of line from Buzzard Roost to Boat Rock Road with 200C 1351 ACSS Martin.,miles=5;sub=Buzzard Roost;sub=Boat Rock Road,FIND,,5,False,atlanta_metro,
GPC,21036,BUZZARD ROOST - FACTORY SHOALS 230KV NEW LINE,1,Buzzard Roost,,,,unlocated,,https://www.google.com/maps/search/?api=1&query=Buzzard%20Roost%20substation%20Georgia,A new 2 mile 230kV line is being built from Buzzard Roost to Factory Shoals with 200C 1351 ACSS Martin conductor.,miles=2;sub=Buzzard Roost;sub=Factory Shoals,FIND,,2,False,atlanta_metro,
GPC,21036,BUZZARD ROOST - FACTORY SHOALS 230KV NEW LINE,2,Factory Shoals,,,,unlocated,,https://www.google.com/maps/search/?api=1&query=Factory%20Shoals%20substation%20Georgia,A new 2 mile 230kV line is being built from Buzzard Roost to Factory Shoals with 200C 1351 ACSS Martin conductor.,miles=2;sub=Buzzard Roost;sub=Factory Shoals,FIND,,2,False,atlanta_metro,
GPC,21069,SMART VALVES AT EAST VILLA RICA SWITCHING STATION,1,East Villa Rica,,,,unlocated,,https://www.google.com/maps/search/?api=1&query=East%20Villa%20Rica%20substation%20Georgia,Installation of Power Flow Controllers at the new East Villa Rica Switching Station on the Douglasville - Villa Rica 230kV and Summer Lake - Villa Rica 230kV lines. The Power Flow Controllers will be removed when GTCs strategic project at Cavender Drive goes in service.,sub=Douglasville;sub=Villa Rica;sub=Summer Lake,FIND,"Villa Rica at 33.74102,-84.85487",,False,atlanta_metro,
GPC,21137,GTC: CONYERS - CORNISH MOUNTAIN 115KV LINE UPGRADE,2,Cornish Mountain,,,,low,,https://www.google.com/maps/search/?api=1&query=Cornish%20Mountain%20substation%20Georgia,Upgrade 750 jumpers at North Conyers and raise the temperature rating of the 636 ACSR conductor on the Conyers - Cornish MTN 115kV line from 100C to 125C.,sub=Conyers;sub=Cornish MTN,FIND,,,False,atlanta_metro,
GPC,21138,GLENWOOD SPRINGS - PORTERDALE PRIMARY 230KV LINE SWITCH REPL,1,Glenwood Springs,,,,low,,https://www.google.com/maps/search/?api=1&query=Glenwood%20Springs%20substation%20Georgia,Replace the 600A line switch at Porterdale Primary on the Glenwood Springs - Porterdale Primary 230kV Line with 1200A switch.,sub=Glenwood Springs;sub=Porterdale Primary,FIND,,,False,atlanta_metro,
GPC,21139,GRADY - MORROW (WHITE) 115KV REBUILD,1,Grady,,,,low,,https://www.google.com/maps/search/?api=1&query=Grady%20substation%20Georgia,Replace 0.72 miles of conductor from Moreland Way to Morrow including the bus and jumper at Moreland Way with 1351.5 Martin/ACSS 54/19 conductor.,miles=0.72;sub=Moreland Way;sub=Morrow,FIND,"Morrow at 33.60593,-84.33346",0.72,False,atlanta_metro,
GPC,13166,FIRST AVENUE - NORTH COLUMBUS 115KV LINE REBUILD,1,First Avenue,33.853649,-84.214846,nominatim,low,https://www.openstreetmap.org/way/9172413,"https://www.google.com/maps?q=33.853649,-84.214846",Rebuild the 0.9 miles North Columbus - First Avenue 115kV line (currently 75C 657 ACAR) with 200C 1351 ACSS conductor.,miles=0.9;sub=North Columbus;sub=First Avenue,CHECK,,0.9,False,atlanta_metro,
GPC,13753,MEAG: ALCOVY ROAD - SKC 115 KV RECONDUCTOR,1,Alcovy Road,33.617266,-83.842566,nominatim,low,https://www.openstreetmap.org/way/543481998,"https://www.google.com/maps?q=33.617266,-83.842566",MEAG will reconductor approximately 0.53 miles of 100C 336 ACSR conductor with 100C 1033 ACSR conductor from Alcovy Road to Alcovy Road Jct. on the Alcovy Road - SKC 115kV line.,miles=0.53;sub=Alcovy Road;sub=SKC;sub=Alcovy Road Jct,CHECK,,0.53,False,atlanta_metro,
GPC,13753,MEAG: ALCOVY ROAD - SKC 115 KV RECONDUCTOR,2,SKC,33.619414,-83.814895,nominatim,low,https://www.openstreetmap.org/way/34770711,"https://www.google.com/maps?q=33.619414,-83.814895",MEAG will reconductor approximately 0.53 miles of 100C 336 ACSR conductor with 100C 1033 ACSR conductor from Alcovy Road to Alcovy Road Jct. on the Alcovy Road - SKC 115kV line.,miles=0.53;sub=Alcovy Road;sub=SKC;sub=Alcovy Road Jct,CHECK,,0.53,False,atlanta_metro,
GPC,17900,UNION CITY - YATES 230 KV WHITE LINE REBUILD,1,Union City,33.587056,-84.542430,nominatim,low,https://www.openstreetmap.org/relation/119566,"https://www.google.com/maps?q=33.587056,-84.542430",Rebuild 23.4 miles of the Union City - Yates 230kV White line with bundled 1351 ACSS Martin conductor at 200C.,miles=23.4;sub=Union City;sub=Yates,CHECK,"Yates at 33.45763,-84.89696",23.4,False,atlanta_metro,
GPC,17900,UNION CITY - YATES 230 KV WHITE LINE REBUILD,2,Yates,33.457634,-84.896958,osm,low,https://www.openstreetmap.org/way/1024438670,"https://www.google.com/maps?q=33.457634,-84.896958",Rebuild 23.4 miles of the Union City - Yates 230kV White line with bundled 1351 ACSS Martin conductor at 200C.,miles=23.4;sub=Union City;sub=Yates,CHECK,,23.4,False,atlanta_metro,
GPC,18736,CC - MICROSOFT - SHUGART (CCO06),1,Microsoft,33.639262,-84.517024,nominatim,low,https://www.openstreetmap.org/way/1562013293,"https://www.google.com/maps?q=33.639262,-84.517024","GPC will rebuild the Line Creek 230kV substation as breaker and a half configuration and connect the Morrow - Yates 230kV line and the Union City - Yates 230kV White line into Line Creek. For the Union City - Yates 230kV Black line, terminate the line from the Yates side into Shugart Farms, and the line from the Union City side into Line Creek. Build two short lines from Line Creek to Shugart Farms (0.3 miles each) with 100C 1351 ACSR Martin conductor.",miles=0.3;sub=Morrow;sub=Yates;sub=Union City;sub=Shugart Farms,CHECK,"Morrow at 33.60593,-84.33346",0.3,False,atlanta_metro,
GPC,19287,GRADY-WEST END 115KV REBUILD,2,West End,33.738163,-84.416317,nominatim,low,https://www.openstreetmap.org/node/153955510,"https://www.google.com/maps?q=33.738163,-84.416317",Reconductor the Grady - West End 115kV line (2.6 miles) using 200C 1351 ACSS Martin.,miles=2.6;sub=Grady;sub=West End,CHECK,,2.6,False,atlanta_metro,
GPC,19363,MORROW - MOUNTAIN VIEW 115 KV REBUILD,1,Morrow,33.605931,-84.333462,osm,low,https://www.openstreetmap.org/way/171479107,"https://www.google.com/maps?q=33.605931,-84.333462",Rebuild the Mountain View - Barnett Road section of the Morrow - Mountain View 115kV line with 200C 1351 ACSS Martin conductor.,sub=Mountain View;sub=Barnett Road;sub=Morrow,CHECK,,,False,atlanta_metro,
GPC,19363,MORROW - MOUNTAIN VIEW 115 KV REBUILD,2,Mountain View,33.641776,-84.390204,nominatim,low,https://www.openstreetmap.org/node/154114741,"https://www.google.com/maps?q=33.641776,-84.390204",Rebuild the Mountain View - Barnett Road section of the Morrow - Mountain View 115kV line with 200C 1351 ACSS Martin conductor.,sub=Mountain View;sub=Barnett Road;sub=Morrow,CHECK,"Morrow at 33.60593,-84.33346",,False,atlanta_metro,
GPC,19597,ADAMSVILLE - BUZZARD ROOST 230KV REBUILD AND JUMPER UPGRADE,1,Adamsville,33.759274,-84.505209,nominatim,low,https://www.openstreetmap.org/node/154075833,"https://www.google.com/maps?q=33.759274,-84.505209",Rebuild the line sections from Adamsville to Boat Rock Road (8.08 miles) on the Adamsville - Buzzard Roost 230kV line with 200C 1351 ACSS Martin conductor. Replace the AAC 750 jumper on the line at Adamsville with (2) 1590 AAC jumper. Replace 1590 AAC jumpers at Bakers Ferry and Boat Rock with (2) 1590 AAC jumpers. Replace 1600A line switches at Boat Rock with 3000A switches.,miles=8.08;sub=Adamsville;sub=Buzzard Roost;sub=Boat Rock Road,CHECK,,8.08,False,atlanta_metro,
GPC,19606,GTC: SKC 115KV BUS AND JUMPER REPLACEMENT,1,SKC,33.619414,-83.814895,nominatim,low,https://www.openstreetmap.org/way/34770711,"https://www.google.com/maps?q=33.619414,-83.814895",Replace the 115kV bus and jumpers at SKC substation with higher rated bus and jumpers with rating higher than 255MVA.,sub=SKC,CHECK,,,False,atlanta_metro,
GPC,19635,GTC: HICKORY LEVEL - VILLA RICA 230KV LINE RECONDUCTOR,2,Villa Rica,33.741022,-84.854865,osm,low,https://www.openstreetmap.org/way/159758304,"https://www.google.com/maps?q=33.741022,-84.854865",GTC will reconductor from 100C 1351 ACSR to 160C 1351 ACSS on 8.6 miles of 230kV line. A 2000A line trap at Villa Rica will also be replaced with a 3000A line trap.,miles=8.6,CHECK,,8.6,False,atlanta_metro,
GPC,19676,ADAMSVILLE - JACK MCDONOUGH 230KV LINE REBUILD,1,Adamsville,33.759274,-84.505209,nominatim,low,https://www.openstreetmap.org/node/154075833,"https://www.google.com/maps?q=33.759274,-84.505209",Rebuild the entire 6.1 mile Adamsville - Jack McDonough 230kV line with 160C 1351 ACSS.,miles=6.1;sub=Adamsville;sub=Jack McDonough,CHECK,,6.1,False,atlanta_metro,
GPC,20018,CC - QTS FAYETTEVILLE TRANSMISSION NEEDS,1,QTS Fayetteville,33.448365,-84.522488,nominatim,low,https://www.openstreetmap.org/way/1472128597,"https://www.google.com/maps?q=33.448365,-84.522488","Build a new 500/230kV substation (Ashley Park) splitting the Ohara - Union City 500kV line. Install two 500/230kV auto transformers at the Ashley Park station. At Ashley Park, the 500kV side will be a 4 - breaker ring bus, while the 230kV side will be a 2 - rung Breaker and a Half configuration. Build two new 230kV lines (~6 miles each) from Ashley Park to the high side of customer substations. The new lines will be built with bundled 200C 1351 ACSS Martin conductor.",miles=6;sub=Ohara;sub=Union City,CHECK,"Ohara at 33.48190,-84.36739",6,False,atlanta_metro,
GPC,20216,CC - STONEWALL TELL ROAD (TA REALTY),1,Stonewall Tell Road,33.603690,-84.551600,nominatim,low,https://www.openstreetmap.org/way/1444515092,"https://www.google.com/maps?q=33.603690,-84.551600","Build 230kV line segment, using 200C 1351 ACSS Martin conductor, to loop in the Stonewall Tell Road (TA Realty) customer station into the East Point - Union City 230kV Black line.",sub=East Point;sub=Union City,CHECK,"East Point at 33.67635,-84.46297",,False,atlanta_metro,
GPC,20243,CC - GARRETT ROAD SWITCHING STATION - TRAE LANE,2,Trae Lane,33.766327,-84.606331,nominatim,low,https://www.openstreetmap.org/way/9188309,"https://www.google.com/maps?q=33.766327,-84.606331",Build the new Garrett Road 230kV switching station (three - element ring bus) splitting the Villa Rica - West Marietta 230kV line. Build a new 230kV line (8.6 miles) from the Trae Lane substation to the Garrett Road switching station with bundled 100C 1351 ACSR conductor.,miles=8.6;sub=Villa Rica;sub=West Marietta,CHECK,"Villa Rica at 33.74102,-84.85487",8.6,False,atlanta_metro,
GPC,20248,BAY CREEK - CONYERS 230KV REBUILD,1,Bay Creek,33.868120,-83.882351,osm,low,https://www.openstreetmap.org/way/175826909,"https://www.google.com/maps?q=33.868120,-83.882351","GPC will rebuild the Bay Creek - Conyers 230kV line, approximately 15.29 miles, using 200C 1351 ACSS ""Martin"" conductor.",miles=15.29;sub=Bay Creek;sub=Conyers,CHECK,,15.29,False,atlanta_metro,
GPC,20248,BAY CREEK - CONYERS 230KV REBUILD,2,Conyers,33.667610,-84.017690,nominatim,low,https://www.openstreetmap.org/relation/119584,"https://www.google.com/maps?q=33.667610,-84.017690","GPC will rebuild the Bay Creek - Conyers 230kV line, approximately 15.29 miles, using 200C 1351 ACSS ""Martin"" conductor.",miles=15.29;sub=Bay Creek;sub=Conyers,CHECK,"Bay Creek at 33.86812,-83.88235",15.29,False,atlanta_metro,
GPC,20274,UNION CITY - YATES 230KV (BLACK) LINE REBUILD,1,Union City,33.587056,-84.542430,nominatim,low,https://www.openstreetmap.org/relation/119566,"https://www.google.com/maps?q=33.587056,-84.542430","Rebuild the Union City - Yates 230kV Black line with bundled 200C 1351 ACSS Martin conductor. Replace limiting elements at Union City, Fairburn #1 and Line Creek substations.",sub=Union City;sub=Yates,CHECK,"Yates at 33.45763,-84.89696",,False,atlanta_metro,
GPC,20274,UNION CITY - YATES 230KV (BLACK) LINE REBUILD,2,Yates,33.457634,-84.896958,osm,low,https://www.openstreetmap.org/way/1024438670,"https://www.google.com/maps?q=33.457634,-84.896958","Rebuild the Union City - Yates 230kV Black line with bundled 200C 1351 ACSS Martin conductor. Replace limiting elements at Union City, Fairburn #1 and Line Creek substations.",sub=Union City;sub=Yates,CHECK,,,False,atlanta_metro,
GPC,20480,EAST POINT - UNION CITY 230KV BLACK LINE RECONDUCTOR,1,East Point,33.676350,-84.462966,osm,low,https://www.openstreetmap.org/relation/14128477,"https://www.google.com/maps?q=33.676350,-84.462966",Reconductor the 1.5 mile section from Flat Shoals Road station to the Stonewall Tell loop - in point on the East Point - Union City 230kV Black line with 200C 1351 ACSS Martin conductor. Replace limiting elements at Union City,miles=1.5;sub=East Point;sub=Union City,CHECK,,1.5,False,atlanta_metro,
GPC,20480,EAST POINT - UNION CITY 230KV BLACK LINE RECONDUCTOR,2,Union City,33.587056,-84.542430,nominatim,low,https://www.openstreetmap.org/relation/119566,"https://www.google.com/maps?q=33.587056,-84.542430",Reconductor the 1.5 mile section from Flat Shoals Road station to the Stonewall Tell loop - in point on the East Point - Union City 230kV Black line with 200C 1351 ACSS Martin conductor. Replace limiting elements at Union City,miles=1.5;sub=East Point;sub=Union City,CHECK,"East Point at 33.67635,-84.46297",1.5,False,atlanta_metro,
GPC,20489,SCOTTDALE RELAY MODERNIZATION,1,Scottdale,33.789827,-84.264089,nominatim,low,https://www.openstreetmap.org/node/153969561,"https://www.google.com/maps?q=33.789827,-84.264089",Upgrade protection on 230kV bus and 230/115kV auto transformers at the Scottdale station. Add adequate monitoring on DC supply.,,CHECK,,,False,atlanta_metro,
GPC,20505,GTC: GARRETT RD - V. RICA 230KV LINE RECONDUCTOR (CC NET IM),2,V. Rica,33.741022,-84.854865,osm,low,https://www.openstreetmap.org/way/159758304,"https://www.google.com/maps?q=33.741022,-84.854865","GTC will reconductor the section from East Villa Rica Switching station to Garrett Rd with 160C 1351 ACSS on 11.5 miles of the Garrett Road - Villa Rica 230kV line. Additionally, the 2.5 miles section from East Villa Rica Switching Station to Villa Rica will be rebuilt with bundled 200C 1351 ACSS Martin.",miles=11.5;miles=2.5;sub=Garrett Road;sub=Villa Rica,CHECK,,2.5,False,atlanta_metro,
GPC,20506,GTC: SWITCH WAY - THORNTON ROAD 230KV LINE REBUILD,1,Switch Way,33.753547,-84.587649,nominatim,low,https://www.openstreetmap.org/way/9193905,"https://www.google.com/maps?q=33.753547,-84.587649",GTC will rebuild the 1.3 mile Switchway - Thornton Rd 230kV line with 200C 1351 ACSS.,miles=1.3;sub=Switchway;sub=Thornton Rd,CHECK,,1.3,False,atlanta_metro,
GPC,20506,GTC: SWITCH WAY - THORNTON ROAD 230KV LINE REBUILD,2,Thornton Road,33.792015,-84.629635,nominatim,low,https://www.openstreetmap.org/way/1076438829,"https://www.google.com/maps?q=33.792015,-84.629635",GTC will rebuild the 1.3 mile Switchway - Thornton Rd 230kV line with 200C 1351 ACSS.,miles=1.3;sub=Switchway;sub=Thornton Rd,CHECK,,1.3,False,atlanta_metro,
GPC,20690,EAST POINT - UNION CITY (WHITE) 230KV REBUILD,1,East Point,33.676350,-84.462966,osm,low,https://www.openstreetmap.org/relation/14128477,"https://www.google.com/maps?q=33.676350,-84.462966",Rebuild 5.49 miles of 100C 1590.0 ACSR Lapwing with 200C 1351.5 ACSS Martin 230kV line from Welcome All to Union City on the East Point - Union City 230kV line.,miles=5.49;sub=East Point;sub=Union City;sub=Welcome All,CHECK,,5.49,False,atlanta_metro,
GPC,20690,EAST POINT - UNION CITY (WHITE) 230KV REBUILD,2,Union City,33.587056,-84.542430,nominatim,low,https://www.openstreetmap.org/relation/119566,"https://www.google.com/maps?q=33.587056,-84.542430",Rebuild 5.49 miles of 100C 1590.0 ACSR Lapwing with 200C 1351.5 ACSS Martin 230kV line from Welcome All to Union City on the East Point - Union City 230kV line.,miles=5.49;sub=East Point;sub=Union City;sub=Welcome All,CHECK,"East Point at 33.67635,-84.46297",5.49,False,atlanta_metro,
GPC,20691,UNION CITY - YATES 230KV (WHITE) SWITCH AND TRAP REPLACEMENT,1,Union City,33.587056,-84.542430,nominatim,low,https://www.openstreetmap.org/relation/119566,"https://www.google.com/maps?q=33.587056,-84.542430",Replace the limiting elements at Union City and Yates substations along the Union City - Yates 230kV (White) line.,sub=Union City;sub=Yates,CHECK,"Yates at 33.45763,-84.89696",,False,atlanta_metro,
GPC,20691,UNION CITY - YATES 230KV (WHITE) SWITCH AND TRAP REPLACEMENT,2,Yates,33.457634,-84.896958,osm,low,https://www.openstreetmap.org/way/1024438670,"https://www.google.com/maps?q=33.457634,-84.896958",Replace the limiting elements at Union City and Yates substations along the Union City - Yates 230kV (White) line.,sub=Union City;sub=Yates,CHECK,,,False,atlanta_metro,
GPC,20757,NORCROSS - NORTH DRUID HILLS 115KV REBUILD,1,Norcross,33.932557,-84.213430,osm,low,https://www.openstreetmap.org/way/159758307,"https://www.google.com/maps?q=33.932557,-84.213430","Rebuild the Norcross - Norcross Junction (674) segment, approximately 3.9 miles, from 100C 477 ACSR Hawk conductor to 200C 1351 ACSS ""Martin"" conductor.",miles=3.9;sub=Norcross;sub=Norcross Junction,CHECK,,3.9,False,atlanta_metro,
GPC,20757,NORCROSS - NORTH DRUID HILLS 115KV REBUILD,2,North Druid Hills,33.816771,-84.313257,nominatim,low,https://www.openstreetmap.org/node/154006223,"https://www.google.com/maps?q=33.816771,-84.313257","Rebuild the Norcross - Norcross Junction (674) segment, approximately 3.9 miles, from 100C 477 ACSR Hawk conductor to 200C 1351 ACSS ""Martin"" conductor.",miles=3.9;sub=Norcross;sub=Norcross Junction,CHECK,"Norcross at 33.93256,-84.21343",3.9,False,atlanta_metro,
GPC,20758,BAY CREEK - CONYERS 230KV LIMITING ELEMENT REPLACEMENT,1,Bay Creek,33.868120,-83.882351,osm,low,https://www.openstreetmap.org/way/175826909,"https://www.google.com/maps?q=33.868120,-83.882351","Replace equipment such as jumpers, switches, and traps at the Bay Creek, Rockdale, and Conyers substations with equipment capable of carrying 3000A.",,CHECK,,,False,atlanta_metro,
GPC,20758,BAY CREEK - CONYERS 230KV LIMITING ELEMENT REPLACEMENT,2,Conyers,33.667610,-84.017690,nominatim,low,https://www.openstreetmap.org/relation/119584,"https://www.google.com/maps?q=33.667610,-84.017690","Replace equipment such as jumpers, switches, and traps at the Bay Creek, Rockdale, and Conyers substations with equipment capable of carrying 3000A.",,CHECK,"Bay Creek at 33.86812,-83.88235",,False,atlanta_metro,
GPC,20761,ATKINSON - NORTHWEST 115KV REBUILD,1,Atkinson,33.825476,-84.471421,osm,low,https://www.openstreetmap.org/way/186847078,"https://www.google.com/maps?q=33.825476,-84.471421",Rebuild the 1.2 mile Atkinson - Tilford Yards section of the Atkinson - Northwest 115kV with 200C 1351 ACSS Martin.,miles=1.2;sub=Atkinson;sub=Tilford Yards;sub=Northwest,CHECK,,1.2,False,atlanta_metro,
GPC,20764,ATKINSON - NORTHSIDE DRIVE 115KV REBUILD,1,Atkinson,33.825476,-84.471421,osm,low,https://www.openstreetmap.org/way/186847078,"https://www.google.com/maps?q=33.825476,-84.471421","Rebuild a portion of the Atkinson - Northside 115kV line, approximately 3.2 miles from Atkinson to Chattahoochee with 200C 1351 ACSS Martin.",miles=3.2;sub=Atkinson;sub=Northside;sub=Chattahoochee,CHECK,"Chattahoochee at 33.40716,-85.03892",3.2,False,atlanta_metro,
GPC,20764,ATKINSON - NORTHSIDE DRIVE 115KV REBUILD,2,Northside Drive,33.772605,-84.408466,nominatim,low,https://www.openstreetmap.org/way/370376232,"https://www.google.com/maps?q=33.772605,-84.408466","Rebuild a portion of the Atkinson - Northside 115kV line, approximately 3.2 miles from Atkinson to Chattahoochee with 200C 1351 ACSS Martin.",miles=3.2;sub=Atkinson;sub=Northside;sub=Chattahoochee,CHECK,"Atkinson at 33.82548,-84.47142",3.2,False,atlanta_metro,
GPC,20771,CC - GULLATT ROAD TRANSMISSION IMPROVEMENTS,1,Gullatt Road,33.514119,-84.611818,nominatim,low,https://www.openstreetmap.org/way/42004321,"https://www.google.com/maps?q=33.514119,-84.611818",Upstream Transmission improvements to serve a new customer station being built along the Morrow - Yates Common 115kV and Line Creek - Fairburn #2 115kV lines. Rebuild the Morrow - Yates Common 115kV line from Line Creek to the new Gullatt Road customer station. Rebuild the Line Creek - Fairburn #2 115kV line from Line Creek to the new Gullatt Road customer station. Remove the Owens Corning Tap Connection on the Morrow - Yates Common 115kV line and rebuild the line from North Coweta to Str 1. Build new line section from Str 1 to the new Gullatt Road customer station,sub=Morrow;sub=Yates Common;sub=Fairburn;sub=North Coweta;sub=Str,CHECK,"Morrow at 33.60593,-84.33346",,False,atlanta_metro,
GPC,20776,GTC: DOUGLASVILLE - VILLA RICA 230KV REBUILD (CC IMPROVEMENT),1,Douglasville,33.751497,-84.747714,nominatim,low,https://www.openstreetmap.org/relation/119970,"https://www.google.com/maps?q=33.751497,-84.747714",Rebuild the 2.5 mile section from Villa to the new East Villa Rica Switching station on the Douglasville - Villa Rica 230kV line with bundled 200C 1351 ACSS Martin.,miles=2.5;sub=Douglasville;sub=Villa Rica,CHECK,"Villa Rica at 33.74102,-84.85487",2.5,False,atlanta_metro,
GPC,20776,GTC: DOUGLASVILLE - VILLA RICA 230KV REBUILD (CC IMPROVEMENT),2,Villa Rica,33.741022,-84.854865,osm,low,https://www.openstreetmap.org/way/159758304,"https://www.google.com/maps?q=33.741022,-84.854865",Rebuild the 2.5 mile section from Villa to the new East Villa Rica Switching station on the Douglasville - Villa Rica 230kV line with bundled 200C 1351 ACSS Martin.,miles=2.5;sub=Douglasville;sub=Villa Rica,CHECK,,2.5,False,atlanta_metro,
GPC,20781,CC - SUMMER LAKE - VILLA RICA 230KV REBUILD (CC IMPROVMNT),2,Villa Rica,33.741022,-84.854865,osm,low,https://www.openstreetmap.org/way/159758304,"https://www.google.com/maps?q=33.741022,-84.854865",Rebuild the 2.5 mile section from Villa Rica to the new East Villa Rica Switching station on the Summer Lake - Villa Rica 230kV line with bundled 200C 1351 ACSS Martin.,miles=2.5;sub=Summer Lake;sub=Villa Rica,CHECK,,2.5,False,atlanta_metro,
GPC,20849,GTC: CLIFTONDALE - LINE CREEK 230KV LINE,1,Cliftondale,33.644832,-84.594654,nominatim,low,https://www.openstreetmap.org/node/154368585,"https://www.google.com/maps?q=33.644832,-84.594654",An 11.6 mile 230kV line is being built form Cliftondale to Line Creek with 200C 1351 ACSS Martin.,miles=11.6,CHECK,,11.6,False,atlanta_metro,
GPC,20857,NEW CAVENDER DRIVE - TRIBUTARY 230KV LINE,2,Tributary,33.712931,-84.642647,nominatim,low,https://www.openstreetmap.org/way/34841154,"https://www.google.com/maps?q=33.712931,-84.642647",Build a new 4 mile 230kV line from Cavender Drive to Tributary with 200C 1351 ACSS Martin.,miles=4;sub=Cavender Drive;sub=Tributary,CHECK,,4,False,atlanta_metro,
GPC,20858,GTC: ADAMSVILLE - BUZZARD ROOST 230KV REBUILD,1,Adamsville,33.759274,-84.505209,nominatim,low,https://www.openstreetmap.org/node/154075833,"https://www.google.com/maps?q=33.759274,-84.505209",GTC plans to rebuild 5 miles of line from Buzzard Roost to Boat Rock Road with 200C 1351 ACSS Martin.,miles=5;sub=Buzzard Roost;sub=Boat Rock Road,CHECK,,5,False,atlanta_metro,
GPC,21097,EAST POINT - TRIBUTARY 230KV REBUILD,1,East Point,33.676350,-84.462966,osm,low,https://www.openstreetmap.org/relation/14128477,"https://www.google.com/maps?q=33.676350,-84.462966",Rebuild the 2.9 mile section from Cavender Drive to Marietta 25 with 200C 1351 ACSS conductor on the East Point - Tributary 230kV line.,miles=2.9;sub=East Point;sub=Tributary;sub=Cavender Drive;sub=Marietta,CHECK,"Marietta at 33.96151,-84.53572",2.9,False,atlanta_metro,
GPC,21097,EAST POINT - TRIBUTARY 230KV REBUILD,2,Tributary,33.712931,-84.642647,nominatim,low,https://www.openstreetmap.org/way/34841154,"https://www.google.com/maps?q=33.712931,-84.642647",Rebuild the 2.9 mile section from Cavender Drive to Marietta 25 with 200C 1351 ACSS conductor on the East Point - Tributary 230kV line.,miles=2.9;sub=East Point;sub=Tributary;sub=Cavender Drive;sub=Marietta,CHECK,"East Point at 33.67635,-84.46297",2.9,False,atlanta_metro,
GPC,21098,TRIBUTARY - THORNTON RD 230KV REBUILD,1,Tributary,33.712931,-84.642647,nominatim,low,https://www.openstreetmap.org/way/34841154,"https://www.google.com/maps?q=33.712931,-84.642647",Rebuild the 2.8 mile Tributary - Thornton Road 230kV line with 200C 1351 ACSS Martin.,miles=2.8;sub=Tributary;sub=Thornton Road,CHECK,,2.8,False,atlanta_metro,
GPC,21098,TRIBUTARY - THORNTON RD 230KV REBUILD,2,Thornton Rd,33.792015,-84.629635,nominatim,low,https://www.openstreetmap.org/way/1076438829,"https://www.google.com/maps?q=33.792015,-84.629635",Rebuild the 2.8 mile Tributary - Thornton Road 230kV line with 200C 1351 ACSS Martin.,miles=2.8;sub=Tributary;sub=Thornton Road,CHECK,,2.8,False,atlanta_metro,
GPC,21137,GTC: CONYERS - CORNISH MOUNTAIN 115KV LINE UPGRADE,1,Conyers,33.667610,-84.017690,nominatim,low,https://www.openstreetmap.org/relation/119584,"https://www.google.com/maps?q=33.667610,-84.017690",Upgrade 750 jumpers at North Conyers and raise the temperature rating of the 636 ACSR conductor on the Conyers - Cornish MTN 115kV line from 100C to 125C.,sub=Conyers;sub=Cornish MTN,CHECK,,,False,atlanta_metro,
GPC,21138,GLENWOOD SPRINGS - PORTERDALE PRIMARY 230KV LINE SWITCH REPL,2,Porterdale Primary,33.575115,-83.893795,nominatim,low,https://www.openstreetmap.org/relation/119607,"https://www.google.com/maps?q=33.575115,-83.893795",Replace the 600A line switch at Porterdale Primary on the Glenwood Springs - Porterdale Primary 230kV Line with 1200A switch.,sub=Glenwood Springs;sub=Porterdale Primary,CHECK,,,False,atlanta_metro,
GPC,21139,GRADY - MORROW (WHITE) 115KV REBUILD,2,Morrow,33.605931,-84.333462,osm,low,https://www.openstreetmap.org/way/171479107,"https://www.google.com/maps?q=33.605931,-84.333462",Replace 0.72 miles of conductor from Moreland Way to Morrow including the bus and jumper at Moreland Way with 1351.5 Martin/ACSS 54/19 conductor.,miles=0.72;sub=Moreland Way;sub=Morrow,CHECK,,0.72,False,atlanta_metro,
GPC,21142,CONYERS - KLONDIKE 230 KV SECOND LINE,1,Conyers,33.667610,-84.017690,nominatim,low,https://www.openstreetmap.org/relation/119584,"https://www.google.com/maps?q=33.667610,-84.017690",Build a new 6.56 mile line from Conyers to Klondike with 200C (2) 1351 ACSS Martin conductor. Build one new 230kV breaker terminal at Conyers and one new 230kV terminal at Klondike.,miles=6.56;sub=Conyers;sub=Klondike,CHECK,"Klondike at 33.63698,-84.12449",6.56,False,atlanta_metro,
GPC,21142,CONYERS - KLONDIKE 230 KV SECOND LINE,2,Klondike,33.636977,-84.124487,osm,low,https://www.openstreetmap.org/way/159784541,"https://www.google.com/maps?q=33.636977,-84.124487",Build a new 6.56 mile line from Conyers to Klondike with 200C (2) 1351 ACSS Martin conductor. Build one new 230kV breaker terminal at Conyers and one new 230kV terminal at Klondike.,miles=6.56;sub=Conyers;sub=Klondike,CHECK,,6.56,False,atlanta_metro,
GPC,10143,LAWRENCEVILLE - WINDER 115KV LINE REBUILD,1,Lawrenceville,33.985981,-84.000799,osm,medium,https://www.openstreetmap.org/way/516459394,"https://www.google.com/maps?q=33.985981,-84.000799",Rebuild approximately 1.2 miles of 100C 636 ACSR conductor from Johns Manville to Winder Primary with 200C 795 ACSS conductor.,miles=1.2;sub=Johns Manville;sub=Winder Primary,VERIFY,,1.2,False,atlanta_metro,
GPC,10143,LAWRENCEVILLE - WINDER 115KV LINE REBUILD,2,Winder,33.995459,-83.753131,osm,medium,https://www.openstreetmap.org/way/171583070,"https://www.google.com/maps?q=33.995459,-83.753131",Rebuild approximately 1.2 miles of 100C 636 ACSR conductor from Johns Manville to Winder Primary with 200C 795 ACSS conductor.,miles=1.2;sub=Johns Manville;sub=Winder Primary,VERIFY,,1.2,False,atlanta_metro,
GPC,10814,GTC: BAY CREEK 230/115KV SECOND AUTO TRANSFORMER,1,Bay Creek,33.868120,-83.882351,osm,medium,https://www.openstreetmap.org/way/175826909,"https://www.google.com/maps?q=33.868120,-83.882351","Install a second 230/115kV, 400 MVA auto transformer at the Bay Creek substation.",sub=Bay Creek,VERIFY,,,False,atlanta_metro,
GPC,12147,GTC: EAST SOCIAL CIRCLE - SNELLVILLE 230KV EQUIPMENT UPGRADE,1,East Social Circle,33.674150,-83.679326,osm,medium,https://www.openstreetmap.org/way/171531630,"https://www.google.com/maps?q=33.674150,-83.679326","Replace the 1200A switches at Snellville Primary with 3000A. Also, replace the 1200A line trap and switches at East Social Circle with 3000A on the East Social Circle - Snellville 230kV line.",sub=East Social Circle;sub=Snellville,VERIFY,,,False,atlanta_metro,
GPC,12147,GTC: EAST SOCIAL CIRCLE - SNELLVILLE 230KV EQUIPMENT UPGRADE,2,Snellville,33.838869,-84.048121,osm,medium,https://www.openstreetmap.org/way/176906115,"https://www.google.com/maps?q=33.838869,-84.048121","Replace the 1200A switches at Snellville Primary with 3000A. Also, replace the 1200A line trap and switches at East Social Circle with 3000A on the East Social Circle - Snellville 230kV line.",sub=East Social Circle;sub=Snellville,VERIFY,,,False,atlanta_metro,
GPC,19601,MORROW - YATES COMMON 115KV LINE UPGRADE,1,Morrow,33.605931,-84.333462,osm,medium,https://www.openstreetmap.org/way/171479107,"https://www.google.com/maps?q=33.605931,-84.333462","On the Fife - Fairburn SW - Owens Corning Tap sections of the Morrow - Yates Common 115kV line, rebuild approximately 5.8 miles of 50C 477 ACSR with 210C 1334 T13 ACCR Martin or 200C 1351.0 ACSS Martin.",miles=5.8;sub=Fife;sub=Fairburn SW;sub=Morrow;sub=Yates Common,VERIFY,,5.8,False,atlanta_metro,
GPC,19601,MORROW - YATES COMMON 115KV LINE UPGRADE,2,Yates Common,33.461641,-84.904198,osm,medium,https://www.openstreetmap.org/way/652943491,"https://www.google.com/maps?q=33.461641,-84.904198","On the Fife - Fairburn SW - Owens Corning Tap sections of the Morrow - Yates Common 115kV line, rebuild approximately 5.8 miles of 50C 477 ACSR with 210C 1334 T13 ACCR Martin or 200C 1351.0 ACSS Martin.",miles=5.8;sub=Fife;sub=Fairburn SW;sub=Morrow;sub=Yates Common,VERIFY,,5.8,False,atlanta_metro,
GPC,20300,MORROW 115KV RELAY UPGRADE,1,Morrow,33.605931,-84.333462,osm,medium,https://www.openstreetmap.org/way/171479107,"https://www.google.com/maps?q=33.605931,-84.333462",Upgrade protection scheme on all three 115kV buses at Morrow.,,VERIFY,,,False,atlanta_metro,
GPC,20431,VILLA RICA LOW SIDE BREAKER,1,Villa Rica,33.741022,-84.854865,osm,medium,https://www.openstreetmap.org/way/159758304,"https://www.google.com/maps?q=33.741022,-84.854865",Replace a low side breaker at Villa Rica with a 4000A breaker.,,VERIFY,,,False,atlanta_metro,
GPC,20464,NORCROSS 230KV BUS 1-3 SERIES BUS TIE BREAKER INSTALLATION,1,Norcross,33.932557,-84.213430,osm,medium,https://www.openstreetmap.org/way/159758307,"https://www.google.com/maps?q=33.932557,-84.213430",Install a bus tie breaker in series with existing bus tie breaker between 230kV Bus 1 and Bus 3 at Norcross.,,VERIFY,,,False,atlanta_metro,
GPC,20490,KLONDIKE RELAY MODERNIZATION,1,Klondike,33.636977,-84.124487,osm,medium,https://www.openstreetmap.org/way/159784541,"https://www.google.com/maps?q=33.636977,-84.124487",Upgrade protection on 230kV buses at the Klondike station. Add adequate monitoring on DC supply.,,VERIFY,,,False,atlanta_metro,
GPC,20491,EAST POINT RELAY MODERNIZATION,1,East Point,33.676350,-84.462966,osm,medium,https://www.openstreetmap.org/relation/14128477,"https://www.google.com/maps?q=33.676350,-84.462966","Upgrade protection on 230kV buses, 115kV buses, and 230/115kV auto transformer at the East Point station. Add adequate monitoring on DC supply.",,VERIFY,,,False,atlanta_metro,
GPC,20760,GTC: HOPEWELL 230/115 KV BANK A,1,Hopewell,34.174192,-84.283406,osm,medium,https://www.openstreetmap.org/way/177931281,"https://www.google.com/maps?q=34.174192,-84.283406",Replace the Hopewell 230/115kV auto transformer with a 400 MVA auto transformer.,,VERIFY,,,False,atlanta_metro,
GPC,20774,CC - VILLA RICA UPGRADES (CC NETWORK IMPROVEMENTS),1,Villa Rica,33.741022,-84.854865,osm,medium,https://www.openstreetmap.org/way/159758304,"https://www.google.com/maps?q=33.741022,-84.854865",Loop in the Bowen - Union City line into Villa Rica 500kV bus and add a second 2016 MVA 500/230kV auto transformer. Convert the 230kV side to a 10 element breaker and a half scheme.,sub=Bowen;sub=Union City,VERIFY,,,False,atlanta_metro,
GPC,21022,OHARA BREAKER REPLACEMENT,1,Ohara,33.481901,-84.367390,osm,medium,https://www.openstreetmap.org/way/159784542,"https://www.google.com/maps?q=33.481901,-84.367390",Replace Breaker on the Ohara - Tara 115kV Line at the Ohara Substation.,sub=Ohara;sub=Tara,VERIFY,,,False,atlanta_metro,
GPC,10481,LAWRENCEVILLE - WINDER PRIMARY 230KV LINE REBUILD,1,Lawrenceville,33.985981,-84.000799,osm,high,https://www.openstreetmap.org/way/516459394,"https://www.google.com/maps?q=33.985981,-84.000799","Rebuild the entire Lawrenceville - Winder Primary 230kV line, approximately 15.4 miles, using 200C 1351 ACSS ""Martin"" conductor.",miles=15.4;sub=Lawrenceville;sub=Winder Primary,CONFIRM,,15.4,False,atlanta_metro,
GPC,10481,LAWRENCEVILLE - WINDER PRIMARY 230KV LINE REBUILD,2,Winder Primary,33.995459,-83.753131,osm,high,https://www.openstreetmap.org/way/171583070,"https://www.google.com/maps?q=33.995459,-83.753131","Rebuild the entire Lawrenceville - Winder Primary 230kV line, approximately 15.4 miles, using 200C 1351 ACSS ""Martin"" conductor.",miles=15.4;sub=Lawrenceville;sub=Winder Primary,CONFIRM,,15.4,False,atlanta_metro,
GPC,18960,BLANKETS CREEK – WOODSTOCK 115KV LINE REBUILD,1,Blankets Creek,34.185757,-84.508012,osm,high,https://www.openstreetmap.org/way/178249108,"https://www.google.com/maps?q=34.185757,-84.508012","Rebuild the entire Blankets Creek - Woodstock 115kV line, approximately 7.1 miles, with 200C 795 ACSS conductor.",miles=7.1;sub=Blankets Creek;sub=Woodstock,CONFIRM,,7.1,False,atlanta_metro,
GPC,18960,BLANKETS CREEK – WOODSTOCK 115KV LINE REBUILD,2,Woodstock,34.086615,-84.513108,osm,high,https://www.openstreetmap.org/way/177931260,"https://www.google.com/maps?q=34.086615,-84.513108","Rebuild the entire Blankets Creek - Woodstock 115kV line, approximately 7.1 miles, with 200C 795 ACSS conductor.",miles=7.1;sub=Blankets Creek;sub=Woodstock,CONFIRM,,7.1,False,atlanta_metro,
GPC,19632,AVERY - HOPEWELL 115KV RECONDUCTOR,1,Avery,34.216989,-84.385764,osm,high,https://www.openstreetmap.org/way/700215120,"https://www.google.com/maps?q=34.216989,-84.385764",Reconductor the Hopewell to Birmingham line section (approximately 3.3 miles) on the Avery - Hopewell 115kV line with 100C 1033 ACSR conductor. Replace jumper at Birmingham with 1590 AAC jumper.,miles=3.3;sub=Avery;sub=Hopewell,CONFIRM,,3.3,False,atlanta_metro,
GPC,19632,AVERY - HOPEWELL 115KV RECONDUCTOR,2,Hopewell,34.174192,-84.283406,osm,high,https://www.openstreetmap.org/way/177931281,"https://www.google.com/maps?q=34.174192,-84.283406",Reconductor the Hopewell to Birmingham line section (approximately 3.3 miles) on the Avery - Hopewell 115kV line with 100C 1033 ACSR conductor. Replace jumper at Birmingham with 1590 AAC jumper.,miles=3.3;sub=Avery;sub=Hopewell,CONFIRM,,3.3,False,atlanta_metro,
GPC,08458,GTC: BARNESVILLE - SOUTH GRIFFIN 230KV PROJECT,2,South Griffin,,,,low,,https://www.google.com/maps/search/?api=1&query=South%20Griffin%20substation%20Georgia,"Construct 19 miles of 230kV circuit, on existing ROW, using200C 1351 ACSS conductor from South Griffin 230/115kV substation to the Barnesville 230/69kV substation.",miles=19,FIND,"Barnesville at 33.03207,-84.20126",19,False,rest_of_ga,
GPC,09661,MCGRAU FORD - MIDDLE FORK 500KV LINE PROJECT,2,Middle Fork,,,,low,,https://www.google.com/maps/search/?api=1&query=Middle%20Fork%20substation%20Georgia,Construct a new approximately 64 mile 500kV line from McGrau Ford to Middle Fork.,miles=64;sub=McGrau Ford;sub=Middle Fork,FIND,"McGrau Ford at 34.32645,-84.33701",64,False,rest_of_ga,
GPC,09662,GTC: EAST WALTON 500/230KV PROJECT,1,East Walton,,,,unlocated,,https://www.google.com/maps/search/?api=1&query=East%20Walton%20substation%20Georgia,"GTC: - Construct the East Walton 500/230kV substation. - Construct the Bostwick 230kV switching station. - Construct the East Walton - Rockville 500kV line (3 - 100C 1113 ACSR). - Construct the Bethabara - East Walton 230kV line (170C 1351.5 ACSS). - Construct the Bostwick - East Walton 230kV line (170C 1351.5 ACSS). - Construct the East Walton - Jack's Creek 230kV line (170C 1351.5 ACSS). - At Bethabara, terminate the East Walton 230kV line. - Loop the East Social Circle - East Watkinsville 230kV line into Bostwick. - Replace line trap at East Watkinsville on the Bostwick 230kV line. GPC: - Construct the Rockville 500kV switching station. - Loop the Scherer - Warthen 500kV line into Rockville. - Loop the Doyle - LG&E Monroe 230kV line into Jack's Creek. MEAG: - Construct the Jack's Creek 230kV switching station.",sub=East Walton;sub=Rockville;sub=Bethabara;sub=Bostwick;sub=Jack's Creek;sub=East Social Circle;sub=East Watkinsville;sub=Scherer;sub=Warthen;sub=Doyle,FIND,"Bethabara at 33.90153,-83.57806",,False,rest_of_ga,
GPC,10222,BLAKELY PRIMARY - HUCKLEBERRY 115KV REBUILD,2,Huckleberry,,,,low,,https://www.google.com/maps/search/?api=1&query=Huckleberry%20substation%20Georgia,Rebuild the Blakley Primary - Huckleberry 115kV line from 75C 477 ACSR to 200C 1351 ACSS. (13.5 miles) GPC: Replace jumpers at Blakely Primary GTC: Replace jumpers at Blakely and Huckleberry,miles=13.5;sub=Blakley Primary;sub=Huckleberry,FIND,"Blakely Primary at 31.37155,-84.90598",13.5,False,rest_of_ga,
GPC,10478,CORNELIA - TALLULAH LODGE 115KV REBUILD,2,Tallulah Lodge,,,,low,,https://www.google.com/maps/search/?api=1&query=Tallulah%20Lodge%20substation%20Georgia,Rebuild approximately 9.7 miles of the Cornelia - Chase Road - Clarksville - Hollywood segments of the Cornelia - Tallulah Lodge 115kV line with 200C 795 ACSS conductor.,miles=9.7;sub=Cornelia;sub=Chase Road;sub=Clarksville;sub=Hollywood;sub=Tallulah Lodge,FIND,"Hollywood at 34.64748,-83.45468",9.7,False,rest_of_ga,
GPC,11051,MEAG: SLAPPEY DRIVE - WESTOVER 115KV LINE REBUILD,1,Slappey Drive,,,,low,,https://www.google.com/maps/search/?api=1&query=Slappey%20Drive%20substation%20Georgia,Rebuild 2.92 miles of 100C sagged 477 ACSR Hawk conductor from Slappey Drive to Albany #9 with 1351 ACSR.,miles=2.92;sub=Slappey Drive;sub=Albany,FIND,"Albany at 31.56397,-84.11120",2.92,False,rest_of_ga,
GPC,15879,POSSUM BRANCH - YATES COMMON 115KV REBUILD (YATES TO CLEM),1,Possum Branch,,,,low,,https://www.google.com/maps/search/?api=1&query=Possum%20Branch%20substation%20Georgia,Rebuild 11.2 miles of 100C 477 ACSR with 200C 1334 T13 ACCR Martin or 200C 1351.0 ACSS between Yates Common to Oak Mountain. Replace limiting elements along the line.,miles=11.2,FIND,"Yates Common at 33.46164,-84.90420",11.2,False,rest_of_ga,
GPC,18670,GTC: BANKS CROSSING - POND FORK 115 KV,2,Pond Fork,,,,low,,https://www.google.com/maps/search/?api=1&query=Pond%20Fork%20substation%20Georgia,GTC will build a new 115kV line from McClure Industrial to structure 21N on the Ridgeway Church Road Junction or tap point (approximately 3 miles). Close normally open switch at Ridgeway Church Road to establish the Banks Crossing - Pond Fork 115kV line. All new conductors should be 100C 1351 ACSR Martin.,miles=3;sub=Banks Crossing;sub=Pond Fork,FIND,,3,False,rest_of_ga,
GPC,18679,DU: EAST DALTON - OOSTANAULA 115KV REBUILD,1,East Dalton,,,,low,,https://www.google.com/maps/search/?api=1&query=East%20Dalton%20substation%20Georgia,DU: Rebuild the portion of East Dalton - Oostanaula and Dalton - East Dalton 115kV double circuit lines between East Dalton substation and the Dalton substation frame with 200C 795 ACSS.,sub=East Dalton;sub=Oostanaula;sub=Dalton,FIND,,,False,rest_of_ga,
GPC,18691,GTC: LIZARD LOPE - WESTOVER 115 KV NEW LINE,1,Lizard Lope,,,,low,,https://www.google.com/maps/search/?api=1&query=Lizard%20Lope%20substation%20Georgia,"Construct two new 115kV stations, Lizard Lope and Westover, and build a new 19.8 miles of 115kV line from Lizard Lope to Gillionville",miles=19.8;sub=Lizard Lope;sub=Gillionville,FIND,,19.8,False,rest_of_ga,
GPC,19187,GRID - BREMEN - CROOKED CREEK (APC) 115 KV PROJECT,2,Crooked Creek,,,,low,,https://www.google.com/maps/search/?api=1&query=Crooked%20Creek%20substation%20Alabama,"Rebuild from Bremen to Indian Creek Road, on the Bremen - Crooked Creek 115kV line (14 miles), using 795 ACSR conductor at 100C.",miles=14;sub=Bremen;sub=Crooked Creek;sub=Indian Creek Road,FIND,"Bremen at 33.70919,-85.14272",14,False,rest_of_ga,
GPC,19358,GTC: EAST MOULTRIE - HIGHWAY 112 230 KV LINE,2,Highway 112,,,,low,,https://www.google.com/maps/search/?api=1&query=Highway%20112%20substation%20Georgia,Build a new 27 miles of 230kV line between HWY 112 and East Moultrie substations with 100C 1351 ACSR conductor.,miles=27,FIND,"East Moultrie at 31.24218,-83.74347",27,False,rest_of_ga,
GPC,19618,GORDON-N DUBLIN 115KV (GORDON-ENGL MCI J) REBUILD,2,N Dublin,,,,low,,https://www.google.com/maps/search/?api=1&query=N%20Dublin%20substation%20Georgia,Rebuild the Gordon - Engelhard McIntyre J of the Gordon - North Dublin 115kV line from 100C 336.4 ACSR (2.81 miles) Linnet and 75C 4/0 F Copper/CW (3.18 miles) to 200C ACSS 795 conductor.,miles=2.81;miles=3.18;sub=Gordon;sub=Engelhard McIntyre J;sub=North Dublin,FIND,"Gordon at 32.88247,-83.31691",3.18,False,rest_of_ga,
GPC,19621,MCEVER ROAD - SHOAL CREEK 115KV REBUILD,2,Shoal Creek,,,,low,,https://www.google.com/maps/search/?api=1&query=Shoal%20Creek%20substation%20Georgia,"Rebuild the 636 ACSR (1 mile) of the McEver Road - College Square section, and 2 - 4/0 copper part (2.05 miles) of the College Square to Lakeside WTP B line section, part of the McEver Road - Shoal Creek 115kV line, using 200C 1351 ACSS conductor.",miles=1;miles=2.05;sub=McEver Road;sub=College Square;sub=Shoal Creek,FIND,"McEver Road at 34.27288,-83.87380",2.05,False,rest_of_ga,
GPC,19626,GLENWOOD SPRINGS 115KV CAP BANK,1,Glenwood Springs,,,,unlocated,,https://www.google.com/maps/search/?api=1&query=Glenwood%20Springs%20substation%20Georgia,Install a 115kV two stage 30MVAR capacitor bank at Glenwood Springs substation.,sub=Glenwood Springs,FIND,,,False,rest_of_ga,
GPC,19629,MEAG: BRUMBLEY CREEK - SOUTH BAINBRIDGE 115KV REBUILD,1,Brumbley Creek,,,,low,,https://www.google.com/maps/search/?api=1&query=Brumbley%20Creek%20substation%20Georgia,Rebuild 2.1 miles segment from line tap into Roddenbery Station on the South Bainbridge - Thomasville 115kV line from 50C ACSR TW 762.8 to 200C 1351 ACSS conductor.,miles=2.1;sub=South Bainbridge;sub=Thomasville,FIND,"South Bainbridge at 30.83961,-84.48892",2.1,False,rest_of_ga,
GPC,19995,TALLULAH LODGE - TOCCOA 115 KV REBUILD,1,Tallulah Lodge,,,,low,,https://www.google.com/maps/search/?api=1&query=Tallulah%20Lodge%20substation%20Georgia,Rebuild the Tallulah Lodge - Toccoa 115kV Line with 100C 795 ACSR conductor (total of 10.3 miles). Replace limiting elements at Tallulah Lodge and Toccoa.,miles=10.3;sub=Tallulah Lodge;sub=Toccoa,FIND,"Toccoa at 34.58095,-83.35273",10.3,False,rest_of_ga,
GPC,20015,GTC: MORNING HORNET 2ND 230/115 KV BANK & THUMBS UP 115KV TL,1,Morning Hornet,,,,unlocated,,https://www.google.com/maps/search/?api=1&query=Morning%20Hornet%20substation%20Georgia,"GTC to add a second 230/115kV auto transformer at Morning Hornet substation. Also, build an additional 115kV line from Morning Hornet to Thumbs Up, approximately 2.4 miles, using at least 100C 1351 ACSR conductor.",miles=2.4;sub=Morning Hornet;sub=Thumbs Up,FIND,,2.4,False,rest_of_ga,
GPC,20015,GTC: MORNING HORNET 2ND 230/115 KV BANK & THUMBS UP 115KV TL,2,Thumbs Up,,,,unlocated,,https://www.google.com/maps/search/?api=1&query=Thumbs%20Up%20substation%20Georgia,"GTC to add a second 230/115kV auto transformer at Morning Hornet substation. Also, build an additional 115kV line from Morning Hornet to Thumbs Up, approximately 2.4 miles, using at least 100C 1351 ACSR conductor.",miles=2.4;sub=Morning Hornet;sub=Thumbs Up,FIND,,2.4,False,rest_of_ga,
GPC,20020,GTC: SOUTH HAZLEHURST - NEW LACY 230KV LINE,1,South Hazlehurst,,,,unlocated,,https://www.google.com/maps/search/?api=1&query=South%20Hazlehurst%20substation%20Georgia,GTC will build a new 230kV transmission line between South Hazlehurst (bus 2) and New Lacy substation (approximately 25 miles) with 100C ACSR 1351 Martin conductor. Do all the necessary upgrade work to accommodate the additional line in both facilities.,miles=25,FIND,,25,False,rest_of_ga,
GPC,20020,GTC: SOUTH HAZLEHURST - NEW LACY 230KV LINE,2,New Lacy,,,,unlocated,,https://www.google.com/maps/search/?api=1&query=New%20Lacy%20substation%20Georgia,GTC will build a new 230kV transmission line between South Hazlehurst (bus 2) and New Lacy substation (approximately 25 miles) with 100C ACSR 1351 Martin conductor. Do all the necessary upgrade work to accommodate the additional line in both facilities.,miles=25,FIND,,25,False,rest_of_ga,
GPC,20024,DYER ROAD - EAST ROANOKE 115KV (REBUILD),2,East Roanoke,,,,low,,https://www.google.com/maps/search/?api=1&query=East%20Roanoke%20substation%20Georgia,Rebuild 20.7 miles of 75C 397.5 ACSR conductor with advanced conductor from Dyer Road to Wansley tap on the Dyer Road - East Roanoke (APC) 115kV line.,miles=20.7;sub=Dyer Road;sub=East Roanoke;sub=Wansley,FIND,"Wansley at 33.41096,-85.03077",20.7,False,rest_of_ga,
GPC,20151,CC - CASS PINE 230/25 NEW SUB - QCELLS - CC IMPROVEMENTS,1,Cass Pine,,,,low,,https://www.google.com/maps/search/?api=1&query=Cass%20Pine%20substation%20Georgia,Build a new 230/25kV 8 element ring bus networked substation named Cass Pine that will interconnect between new Great Valley and Hill View 230kV substations.,,FIND,,,False,rest_of_ga,
GPC,20223,CC - PROJECT PAYTON BAINBRIDGE,1,Farley,,,,low,,https://www.google.com/maps/search/?api=1&query=Farley%20substation%20Georgia,Split Farley - South Bainbridge 230kV line with a 230kV station (Dothan Road) and bring an 8.5 mile 200C 1351 ACSS 230kV line from Dothan Rd to new customer sub Downrange. Bring another 10mile 200C 1351 ACSS 230kV line from Climax to customer sub Downrange.,miles=8.5;miles=10;sub=South Bainbridge,FIND,"South Bainbridge at 30.83961,-84.48892",10,False,rest_of_ga,
GPC,20234,DOYLE - LG&E MONROE 230KV - JACKS CREEK LOOP IN,2,LG&E Monroe,,,,low,,https://www.google.com/maps/search/?api=1&query=LG%26E%20Monroe%20substation%20Georgia,Loop in and out the new Jack's Creek 230kV switching station into the Doyle - LG&E Monroe 230kV line. This is coordinated with the East Walton Project (TEAMS #09662).,sub=Doyle,FIND,"Doyle at 33.83792,-83.69879",,False,rest_of_ga,
GPC,20234,DOYLE - LG&E MONROE 230KV - JACKS CREEK LOOP IN,3,Jacks Creek,,,,low,,https://www.google.com/maps/search/?api=1&query=Jacks%20Creek%20substation%20Georgia,Loop in and out the new Jack's Creek 230kV switching station into the Doyle - LG&E Monroe 230kV line. This is coordinated with the East Walton Project (TEAMS #09662).,sub=Doyle,FIND,"Doyle at 33.83792,-83.69879",,False,rest_of_ga,
GPC,20284,KETTLE CREEK PRIMARY - PINE GROVE PRIMARY 115KV REBUILD,1,Kettle Creek Primary,,,,low,,https://www.google.com/maps/search/?api=1&query=Kettle%20Creek%20Primary%20substation%20Georgia,Rebuild approximately 38.04 miles of 50C 4/0 ACSR conductor from the Pine Grove to the Pearson tap using 200C 1351 ACSS conductor.,miles=38.04;sub=Pine Grove;sub=Pearson,FIND,"Pine Grove Primary at 30.88165,-83.22799",38.04,False,rest_of_ga,
GPC,20285,LOWER RIVER - WEBB (APC) 115KV RECONDUCTOR,1,Lower River,,,,low,,https://www.google.com/maps/search/?api=1&query=Lower%20River%20substation%20Georgia,Reconductor 0.97 miles of 100C 636 Grosbeak Lower River - Webb 115kV line with 200C 795 ACSS Drake conductor.,miles=0.97;sub=Grosbeak Lower River;sub=Webb,FIND,,0.97,False,rest_of_ga,
GPC,20298,GLENWOOD SPRINGS - LAKE OCONEE 115KV LINE REBUILD,1,Glenwood Springs,,,,low,,https://www.google.com/maps/search/?api=1&query=Glenwood%20Springs%20substation%20Georgia,Rebuild the North Eatonton Junction - Putnam Sawmill Junction line with 200C 1351 ACSS conductor.,sub=North Eatonton Junction;sub=Putnam Sawmill Junction,FIND,"Lake Oconee at 33.45953,-83.24745",,False,rest_of_ga,
GPC,20342,GTC: CAMDEN INDUSTRIAL PARK 230/115KV NEW SUBSTATION,1,Camden Industrial Park,,,,unlocated,,https://www.google.com/maps/search/?api=1&query=Camden%20Industrial%20Park%20substation%20Georgia,"GTC will construct a new 230/115kV substation with a three element 230kV ring bus, two element 115kV ring bus, and one new 230/115kV 400MVA transformer. A new 115kV line to Kinlaw substation will be built also.",,FIND,,,False,rest_of_ga,
GPC,20466,SMART VALVE INSTALLATION,2,Oasis,,,,low,,https://www.google.com/maps/search/?api=1&query=Oasis%20substation%20Georgia,Installation of Smart Valve devices inside the Eatonton Primary substation on the Branch - Oasis 230kV and Eatonton Primary - Oasis 230kV lines.,sub=Branch;sub=Oasis;sub=Eatonton Primary,FIND,"Eatonton Primary at 33.30448,-83.40252",,False,rest_of_ga,
GPC,20586,GTC: NORTH DUBLIN 230/115KV TRANSFORMERS AND BUS-TIE BREAKER,1,North Dublin,,,,unlocated,,https://www.google.com/maps/search/?api=1&query=North%20Dublin%20substation%20Georgia,"Replace 230/115kV auto transformers A & B with (2) new 230/115kV, 400 MVA auto transformers. Replace 230kV bus tie breaker with a new 2000A breaker. Replace 115kV bus tie breaker with a new 2000A breaker.",,FIND,,,False,rest_of_ga,
GPC,20590,GTC: EATONTON PRIMARY - LICK CREEK 115KV LINE SWITCH REPLACEMENT,2,Lick Creek,,,,low,,https://www.google.com/maps/search/?api=1&query=Lick%20Creek%20substation%20Georgia,Replace a 1200A RLB line switch on the Eatonton - Lake Oconee 115kV line with a with motor operator and SCADA controls. This switch is located on GTC's Eatonton Primary - Lick Creek 115kV section of the Eatonton Primary - Lake Oconee 115kV Line.,sub=Eatonton;sub=Lake Oconee;sub=GTC's Eatonton Primary;sub=Lick Creek;sub=Eatonton Primary,FIND,"Eatonton Primary at 33.30448,-83.40252",,False,rest_of_ga,
GPC,20591,GTC: EATONTON PRIMARY (035591) - LICK CREEK 115KV REBUILD,2,Lick Creek,,,,low,,https://www.google.com/maps/search/?api=1&query=Lick%20Creek%20substation%20Georgia,Rebuild approximately 7.5 miles Eatonton Primary - Lick Creek 115kV line section with 100C 795 ACSR conductor.,miles=7.5;sub=Eatonton Primary;sub=Lick Creek,FIND,"Eatonton Primary at 33.30448,-83.40252",7.5,False,rest_of_ga,
GPC,20684,CAMDEN INDUSTRIAL PARK (GPC),1,Camden Industrial Park,,,,unlocated,,https://www.google.com/maps/search/?api=1&query=Camden%20Industrial%20Park%20substation%20Georgia,This project will loop in GPC's existing Colerain to Thalman 230kV line into GTC's new Camden Industrial Park station. GPC's Kingsland termination at GTC's Kinlaw sub will be relocated to a new 115kV bay position.,sub=GTC's Kinlaw,FIND,,,False,rest_of_ga,
GPC,20717,CC - TOMOCHICHI 500/230KV SOLUTION (CC NETWORK IMPROVEMENTS),1,Tomochichi,,,,unlocated,,https://www.google.com/maps/search/?api=1&query=Tomochichi%20substation%20Georgia,"Build the new Tomochichi 500/230kV switching station (four element ring bus 500kV high side, four element breaker and a half 230kV low side) splitting the Ohara - Schere 500kV line. Build two new 230kV lines from the new Tomochichi substation to the new Towaliga River 230kV substation.",sub=Ohara;sub=Schere,FIND,"Ohara at 33.48190,-84.36739",,False,rest_of_ga,
GPC,20736,CC - TA REALTY ELLENWOOD NETWORK IMPROVEMENTS,1,TA Realty Ellenwood,,,,unlocated,,https://www.google.com/maps/search/?api=1&query=TA%20Realty%20Ellenwood%20Georgia,"Rebuild the ~14.9mi Austin Drive - Morrow 115kV with 200C 1351.5 ACSS Martin. At Austin Drive 115kV, replace the 115/230kV auto transformer along with upgrades other limiting elements at the station.",sub=Austin Drive;sub=Morrow,FIND,"Morrow at 33.60593,-84.33346",,False,rest_of_ga,
GPC,20791,GTC: SHOAL CREEK - SOUTH HALL 230KV REBUILD,1,Shoal Creek,,,,low,,https://www.google.com/maps/search/?api=1&query=Shoal%20Creek%20substation%20Georgia,"Rebuild approximately 7.9 miles of South Hall - Chestnut Mountain - Spout Springs Road segments of the Shoal Creek - South Hall 230kV line with 200C 1351 ACSS conductor. Also, replace 1 - AAC 1590 jumpers at South Hall with 2 - AAC 1590.",miles=7.9;sub=South Hall;sub=Chestnut Mountain;sub=Shoal Creek,FIND,"South Hall at 34.21861,-83.80258",7.9,False,rest_of_ga,
GPC,21014,GTC: BUZZARD ROOST - CAVENDER DRIVE 230KV NEW LINE,1,Buzzard Roost,,,,low,,https://www.google.com/maps/search/?api=1&query=Buzzard%20Roost%20substation%20Georgia,GTC is building a new 7 mile 230kV line from Cavender Drive to Buzzard Roost with 200C 1351 ACSS Martin.,miles=7;sub=Cavender Drive;sub=Buzzard Roost,FIND,,7,False,rest_of_ga,
GPC,21047,BROADWAY - ECHECONNEE 115 KV LINE REBUILD,1,Broadway,,,,low,,https://www.google.com/maps/search/?api=1&query=Broadway%20substation%20Georgia,Rebuild the Griffin Rd – Echeconnee line section of Broadway - Echeconnee line with 200C 1351 ACSS conductor.,sub=Broadway;sub=Echeconnee,FIND,,,False,rest_of_ga,
GPC,21048,FITZGERALD - PITTS 115 KV LINE REBUILD,1,Fitzgerald,,,,low,,https://www.google.com/maps/search/?api=1&query=Fitzgerald%20substation%20Georgia,Rebuild approximately 26.14 miles of the Fitzgerald - Pitts 115kV line with 200C 1351 ACSS.,miles=26.14;sub=Fitzgerald;sub=Pitts,FIND,,26.14,False,rest_of_ga,
GPC,21053,MCEVER ROAD - SHOAL CREEK 115KV REBUILD PHASE III,2,Shoal Creek,,,,low,,https://www.google.com/maps/search/?api=1&query=Shoal%20Creek%20substation%20Georgia,"Rebuild the 2 - 4/0 copper part (approximately 2.9 miles) of the Gainesville Ferry - Lakeside WTP A line section, part of the McEver Road - Shoal Creek 115kV line, using 200C 1351 ACSS conductor.",miles=2.9;sub=Gainesville Ferry;sub=Lakeside WTP A;sub=McEver Road;sub=Shoal Creek,FIND,"McEver Road at 34.27288,-83.87380",2.9,False,rest_of_ga,
GPC,21063,FARLEY (APC)-TAZEWELL 500KV,2,Tazewell,,,,low,,https://www.google.com/maps/search/?api=1&query=Tazewell%20substation%20Georgia,"Construct a new 500kV line from Farley (APC) to Tazewell substation, approximately 120 miles long. Construct a 5 breaker 500kV ring bus to loop in the Blacksmith - Talbot 500kV line, terminate the new Farley - Tazewell 500kV and Talbot #2 - Tazewell 500kV lines. Install a 500/230kV auto transformer to connect to the existing 230kV switchyard.",miles=120;sub=Blacksmith;sub=Talbot;sub=Farley;sub=Tazewell,FIND,,120,False,rest_of_ga,
GPC,21073,GTC: BIG SMARR - TOMOCHICHI 500KV,1,Big Smarr,,,,unlocated,,https://www.google.com/maps/search/?api=1&query=Big%20Smarr%20substation%20Georgia,"Construct a 500kV line from Big Smarr to Tomochichi, approximately 36 miles long. Make the necessary modifications at Big Smarr and Tomochichi to add breakers and terminate the line.",miles=36;sub=Big Smarr;sub=Tomochichi,FIND,,36,False,rest_of_ga,
GPC,21073,GTC: BIG SMARR - TOMOCHICHI 500KV,2,Tomochichi,,,,unlocated,,https://www.google.com/maps/search/?api=1&query=Tomochichi%20substation%20Georgia,"Construct a 500kV line from Big Smarr to Tomochichi, approximately 36 miles long. Make the necessary modifications at Big Smarr and Tomochichi to add breakers and terminate the line.",miles=36;sub=Big Smarr;sub=Tomochichi,FIND,,36,False,rest_of_ga,
GPC,21075,GTC: EAST WALTON - MIDDLE FORK 500KV,1,East Walton,,,,unlocated,,https://www.google.com/maps/search/?api=1&query=East%20Walton%20substation%20Georgia,"Construct a new 500kV line from East Walton to Middle Fork, approximately 45 miles long. Make all necessary accommodations for new 500kV breakers at East Walton and Middle Fork substations.",miles=45;sub=East Walton;sub=Middle Fork,FIND,,45,False,rest_of_ga,
GPC,21075,GTC: EAST WALTON - MIDDLE FORK 500KV,2,Middle Fork,,,,unlocated,,https://www.google.com/maps/search/?api=1&query=Middle%20Fork%20substation%20Georgia,"Construct a new 500kV line from East Walton to Middle Fork, approximately 45 miles long. Make all necessary accommodations for new 500kV breakers at East Walton and Middle Fork substations.",miles=45;sub=East Walton;sub=Middle Fork,FIND,,45,False,rest_of_ga,
GPC,21076,GTC: TALLBOT #2 - TAZEWELL 500KV LINE,1,Tallbot #2,,,,unlocated,,https://www.google.com/maps/search/?api=1&query=Tallbot%20%232%20substation%20Georgia,"Build a new 500kV line from Tazewell to Talbot #2, approximately 20 miles. Make all necessary accommodations at Tazewell and Talbot #2 for the new 500kV breakers and line termination.",miles=20;sub=Tazewell;sub=Talbot,FIND,,20,False,rest_of_ga,
GPC,21076,GTC: TALLBOT #2 - TAZEWELL 500KV LINE,2,Tazewell,,,,unlocated,,https://www.google.com/maps/search/?api=1&query=Tazewell%20substation%20Georgia,"Build a new 500kV line from Tazewell to Talbot #2, approximately 20 miles. Make all necessary accommodations at Tazewell and Talbot #2 for the new 500kV breakers and line termination.",miles=20;sub=Tazewell;sub=Talbot,FIND,,20,False,rest_of_ga,
GPC,21077,GTC: ROCKVILLE - TIGER CREEK -WARTHEN 500KV LINES,1,Rockville,,,,low,,https://www.google.com/maps/search/?api=1&query=Rockville%20substation%20Georgia,"Build the new 500kV line from Rockville to Tiger Creek and Tiger Creek to Warthen, approximately 20 miles and 9 miles long respectively. Build a 500kV yard at Tiger Creek and install a 500/230kV auto transformer. Make all necessary accommodations at Warthen and Rockville for the new 500kV breakers.",miles=20;miles=9;sub=Rockville;sub=Tiger Creek,FIND,"Tiger Creek at 33.09451,-82.98158",9,False,rest_of_ga,
GPC,21093,NORTH SPA 230KV STRATEGIC PROJECT,1,North Spa,,,,unlocated,,https://www.google.com/maps/search/?api=1&query=North%20Spa%20substation%20Georgia,This project includes the following scope of work: Build a new 230kV switching station north of Oasis in a ring bus configuration with 4 - breakers. Loop in the East Social Circle - Oasis (White) 230kV line. Build a new 230kV line to Cornish Mountain from North Spa. New 230kV line from Rockville 230kV will terminate in this station.,sub=East Social Circle;sub=Oasis,FIND,"East Social Circle at 33.67415,-83.67933",,False,rest_of_ga,
GPC,21094,GTC: TIGER CREEK- ROCKVILLE-NORTH SPA 230KV PROJECT,3,North Spa,,,,low,,https://www.google.com/maps/search/?api=1&query=North%20Spa%20substation%20Georgia,Build a new 4 - breaker 230kV ring bus at Rockville substation (no auto transformer to be added at this time). Loop in the Eatonton Primary #2 - Wallace Dam 230kV line. Build a new line 230kV line to Tiger Creek. Build a new 230kV line to North Spa.,sub=Rockville,FIND,"Tiger Creek at 33.09451,-82.98158",,False,rest_of_ga,
GPC,21099,MEAG: PIO NONO 230/115KV AREA SOLUTION,1,Pio Nono,,,,unlocated,,https://www.google.com/maps/search/?api=1&query=Pio%20Nono%20substation%20Georgia,"Build a 4 - breaker 230kV ring bus to terminate lines from Dorsett, South Griffin, and Big Grocery. Install a 400MVA auto transformer and build a 115kV yard to terminate a line from Broadway. Make all necessary modifications to accommodate all the 230kV and 115kV lines terminations.",,FIND,,,False,rest_of_ga,
GPC,21113,GTC: HARTWELL ENERGY - MIDDLE FORK 230KV LINE,2,Middle Fork,,,,low,,https://www.google.com/maps/search/?api=1&query=Middle%20Fork%20substation%20Georgia,"Construct a new 230kV line, approx. 35 miles, from Hartwell Energy to Middle Fork with 200C (2) 1351 ACSS conductor. GTC: Expand Hartwell Energy 230kV and Middle Fork 230kV as necessary to install breakers to accept new line termination.",miles=35;sub=Hartwell Energy;sub=Middle Fork,FIND,"Hartwell Energy at 34.33933,-82.82017",35,False,rest_of_ga,
GPC,21114,MEAG: SOUTH GRIFFIN 230/115KV BANK #5,1,South Griffin,,,,unlocated,,https://www.google.com/maps/search/?api=1&query=South%20Griffin%20substation%20Georgia,Replace 230/115kV 285MVA auto transformer #5 with 230/115kV 400MVA auto transformer at South Griffin.,,FIND,,,False,rest_of_ga,
GPC,21130,CC - NORTH GEORGIA DATA NETWORK UPGRADES,2,Lawrence Smith,,,,low,,https://www.google.com/maps/search/?api=1&query=Lawrence%20Smith%20substation%20Georgia,Construct approximately 7 miles of 115kV line with minimum 170C 1351 ACSS conductor from Gillsville Tap Junction to Midway. Utilize the existing GPC owned North Jackson - Lawrence Smith 46kV ROW that is to be retired. Disconnect the East Maysville 115kV tap at Midway 115kV and terminate the new Pond Fork - Midway 115kV line.,miles=7;sub=North Jackson;sub=Lawrence Smith;sub=Pond Fork;sub=Midway;sub=Gillsville Tap Junction,FIND,"North Jackson at 34.18242,-83.66466",7,False,rest_of_ga,
GPC,21130,CC - NORTH GEORGIA DATA NETWORK UPGRADES,3,Pond Fork,,,,low,,https://www.google.com/maps/search/?api=1&query=Pond%20Fork%20substation%20Georgia,Construct approximately 7 miles of 115kV line with minimum 170C 1351 ACSS conductor from Gillsville Tap Junction to Midway. Utilize the existing GPC owned North Jackson - Lawrence Smith 46kV ROW that is to be retired. Disconnect the East Maysville 115kV tap at Midway 115kV and terminate the new Pond Fork - Midway 115kV line.,miles=7;sub=North Jackson;sub=Lawrence Smith;sub=Pond Fork;sub=Midway;sub=Gillsville Tap Junction,FIND,"North Jackson at 34.18242,-83.66466",7,False,rest_of_ga,
GPC,21131,GTC: POND FORK - MIDWAY 115KV LINE,1,Pond Fork,,,,low,,https://www.google.com/maps/search/?api=1&query=Pond%20Fork%20substation%20Georgia,"GTC: Construct approximately 6 miles of 115kV line with minimum 170C 1351 ACSS conductor from Gillsville Tap Junction to Pond Fork, utilizing the existing GTC owned portion of the North Jackson - Lawrence Smith 46kV ROW. At Pond Fork, install a second 230/115kV 400MVA auto transformer and terminate the Pond Fork - Midway 115kV line.",miles=6;sub=North Jackson;sub=Lawrence Smith;sub=Pond Fork;sub=Midway;sub=Gillsville Tap Junction,FIND,"North Jackson at 34.18242,-83.66466",6,False,rest_of_ga,
GPC,08458,GTC: BARNESVILLE - SOUTH GRIFFIN 230KV PROJECT,1,Barnesville,33.032069,-84.201258,osm,low,https://www.openstreetmap.org/way/564834100,"https://www.google.com/maps?q=33.032069,-84.201258","Construct 19 miles of 230kV circuit, on existing ROW, using200C 1351 ACSS conductor from South Griffin 230/115kV substation to the Barnesville 230/69kV substation.",miles=19,CHECK,,19,False,rest_of_ga,
GPC,09661,MCGRAU FORD - MIDDLE FORK 500KV LINE PROJECT,1,McGrau Ford,34.326453,-84.337007,osm,low,https://www.openstreetmap.org/way/159758301,"https://www.google.com/maps?q=34.326453,-84.337007",Construct a new approximately 64 mile 500kV line from McGrau Ford to Middle Fork.,miles=64;sub=McGrau Ford;sub=Middle Fork,CHECK,,64,False,rest_of_ga,
GPC,10222,BLAKELY PRIMARY - HUCKLEBERRY 115KV REBUILD,1,Blakely Primary,31.371554,-84.905980,osm,low,https://www.openstreetmap.org/way/270628470,"https://www.google.com/maps?q=31.371554,-84.905980",Rebuild the Blakley Primary - Huckleberry 115kV line from 75C 477 ACSR to 200C 1351 ACSS. (13.5 miles) GPC: Replace jumpers at Blakely Primary GTC: Replace jumpers at Blakely and Huckleberry,miles=13.5;sub=Blakley Primary;sub=Huckleberry,CHECK,,13.5,False,rest_of_ga,
GPC,10478,CORNELIA - TALLULAH LODGE 115KV REBUILD,1,Cornelia,34.511488,-83.527117,nominatim,low,https://www.openstreetmap.org/relation/119882,"https://www.google.com/maps?q=34.511488,-83.527117",Rebuild approximately 9.7 miles of the Cornelia - Chase Road - Clarksville - Hollywood segments of the Cornelia - Tallulah Lodge 115kV line with 200C 795 ACSS conductor.,miles=9.7;sub=Cornelia;sub=Chase Road;sub=Clarksville;sub=Hollywood;sub=Tallulah Lodge,CHECK,"Hollywood at 34.64748,-83.45468",9.7,False,rest_of_ga,
GPC,10487,PINE GROVE PRIMARY - WEST VALDOSTA 115 KV RECONDUCTOR,1,Pine Grove Primary,30.881649,-83.227987,osm,low,https://www.openstreetmap.org/way/174399121,"https://www.google.com/maps?q=30.881649,-83.227987",Rebuild 3.7 miles of 100C 4/0 ACSR conductor with 200C 795 ACSS Drake on the Bemis - Pine Grove Primary section of the Pine Grove Primary - West Valdosta 115kV line.,miles=3.7;sub=Bemis;sub=Pine Grove Primary;sub=West Valdosta,CHECK,,3.7,False,rest_of_ga,
GPC,10487,PINE GROVE PRIMARY - WEST VALDOSTA 115 KV RECONDUCTOR,2,West Valdosta,30.815757,-83.314875,nominatim,low,https://www.openstreetmap.org/node/153914090,"https://www.google.com/maps?q=30.815757,-83.314875",Rebuild 3.7 miles of 100C 4/0 ACSR conductor with 200C 795 ACSS Drake on the Bemis - Pine Grove Primary section of the Pine Grove Primary - West Valdosta 115kV line.,miles=3.7;sub=Bemis;sub=Pine Grove Primary;sub=West Valdosta,CHECK,"Pine Grove Primary at 30.88165,-83.22799",3.7,False,rest_of_ga,
GPC,11051,MEAG: SLAPPEY DRIVE - WESTOVER 115KV LINE REBUILD,2,Westover,31.589340,-84.211298,nominatim,low,https://www.openstreetmap.org/node/153851760,"https://www.google.com/maps?q=31.589340,-84.211298",Rebuild 2.92 miles of 100C sagged 477 ACSR Hawk conductor from Slappey Drive to Albany #9 with 1351 ACSR.,miles=2.92;sub=Slappey Drive;sub=Albany,CHECK,"Albany at 31.56397,-84.11120",2.92,False,rest_of_ga,
GPC,12217,GTC: CENTER PRIMARY - CLARKSBORO 230 KV REBUILD,1,Center Primary,34.053441,-83.398085,osm,low,https://www.openstreetmap.org/way/171540518,"https://www.google.com/maps?q=34.053441,-83.398085",GTC to rebuild the Center Primary – Clarksboro Primary 230kV line (approx. 8.3 miles) with 200C 1351 ACSS conductor.,miles=8.3,CHECK,,8.3,False,rest_of_ga,
GPC,12217,GTC: CENTER PRIMARY - CLARKSBORO 230 KV REBUILD,2,Clarksboro,34.041223,-83.498217,nominatim,low,https://www.openstreetmap.org/node/154034753,"https://www.google.com/maps?q=34.041223,-83.498217",GTC to rebuild the Center Primary – Clarksboro Primary 230kV line (approx. 8.3 miles) with 200C 1351 ACSS conductor.,miles=8.3,CHECK,"Center Primary at 34.05344,-83.39809",8.3,False,rest_of_ga,
GPC,13628,SOUTH BAINBRIDGE - SINAI (FPL) 115KV LINE RECONDUCTOR,1,South Bainbridge,30.839608,-84.488921,osm,low,https://www.openstreetmap.org/way/165831924,"https://www.google.com/maps?q=30.839608,-84.488921",Rebuild the Four Mile tap - Recovery - Sinai (FPL) segment of the Sinai (FPL) - South Bainbridge 115kV line from 100C 336.4 ACSR to 200C 1351 ACSS. 9.8 miles in FPL and 13.75 miles in GPC At Recovery (GTC): Replace 100C 336.4 ACSR string bus with higher rating and jumpers with (1) 1590 AAC At Sinai (FPL): Replace 100C 336.4 ACSR string bus with higher rating,miles=9.8;miles=13.75;sub=Recovery;sub=Sinai,CHECK,,13.75,False,rest_of_ga,
GPC,13628,SOUTH BAINBRIDGE - SINAI (FPL) 115KV LINE RECONDUCTOR,2,Sinai,30.661859,-84.910198,nominatim,low,https://www.openstreetmap.org/node/154016690,"https://www.google.com/maps?q=30.661859,-84.910198",Rebuild the Four Mile tap - Recovery - Sinai (FPL) segment of the Sinai (FPL) - South Bainbridge 115kV line from 100C 336.4 ACSR to 200C 1351 ACSS. 9.8 miles in FPL and 13.75 miles in GPC At Recovery (GTC): Replace 100C 336.4 ACSR string bus with higher rating and jumpers with (1) 1590 AAC At Sinai (FPL): Replace 100C 336.4 ACSR string bus with higher rating,miles=9.8;miles=13.75;sub=Recovery;sub=Sinai,CHECK,"South Bainbridge at 30.83961,-84.48892",13.75,False,rest_of_ga,
GPC,13787,MEAG: AULTMAN ROAD - BONAIRE PRIMARY 115 KV REBUILD,1,Aultman Road,32.562253,-83.738810,nominatim,low,https://www.openstreetmap.org/way/9426022,"https://www.google.com/maps?q=32.562253,-83.738810",MEAG: Rebuild approximately 1.99 miles of Sleepy Hollow - Peach Blossom 115kV section of the Aultman Road - Bonaire Primary 115kV line from 100C 336 ACSR to 100C 795 ACSR. GTC: Replace the jumpers at Sleepy Hollow with 1590 AAC.,miles=1.99;sub=Sleepy Hollow;sub=Peach Blossom;sub=Aultman Road;sub=Bonaire Primary,CHECK,"Bonaire Primary at 32.56479,-83.60002",1.99,False,rest_of_ga,
GPC,13787,MEAG: AULTMAN ROAD - BONAIRE PRIMARY 115 KV REBUILD,2,Bonaire Primary,32.564795,-83.600023,osm,low,https://www.openstreetmap.org/way/160308063,"https://www.google.com/maps?q=32.564795,-83.600023",MEAG: Rebuild approximately 1.99 miles of Sleepy Hollow - Peach Blossom 115kV section of the Aultman Road - Bonaire Primary 115kV line from 100C 336 ACSR to 100C 795 ACSR. GTC: Replace the jumpers at Sleepy Hollow with 1590 AAC.,miles=1.99;sub=Sleepy Hollow;sub=Peach Blossom;sub=Aultman Road;sub=Bonaire Primary,CHECK,"Peach Blossom at 32.56348,-83.65805",1.99,False,rest_of_ga,
GPC,15879,POSSUM BRANCH - YATES COMMON 115KV REBUILD (YATES TO CLEM),2,Yates Common,33.461641,-84.904198,osm,low,https://www.openstreetmap.org/way/652943491,"https://www.google.com/maps?q=33.461641,-84.904198",Rebuild 11.2 miles of 100C 477 ACSR with 200C 1334 T13 ACCR Martin or 200C 1351.0 ACSS between Yates Common to Oak Mountain. Replace limiting elements along the line.,miles=11.2,CHECK,,11.2,False,rest_of_ga,
GPC,17706,MEAG: AULTMAN ROAD - FORT VALLEY #1 115 KV REBUILD,1,Aultman Road,32.562253,-83.738810,nominatim,low,https://www.openstreetmap.org/way/9426022,"https://www.google.com/maps?q=32.562253,-83.738810",Rebuild approximately 8 miles of the Aultman Road - Fort Valley #1 115kV line with 200C 1351 ACSS conductor.,miles=8;sub=Aultman Road;sub=Fort Valley,CHECK,"Fort Valley #1 at 32.56136,-83.87226",8,False,rest_of_ga,
GPC,17706,MEAG: AULTMAN ROAD - FORT VALLEY #1 115 KV REBUILD,2,Fort Valley #1,32.561358,-83.872258,osm,low,https://www.openstreetmap.org/way/493048692,"https://www.google.com/maps?q=32.561358,-83.872258",Rebuild approximately 8 miles of the Aultman Road - Fort Valley #1 115kV line with 200C 1351 ACSS conductor.,miles=8;sub=Aultman Road;sub=Fort Valley,CHECK,,8,False,rest_of_ga,
GPC,18153,GTC: BONAIRE PRI- ECHECONNEE 115 KV PARTIAL REBUILD,1,Bonaire Pri,32.564795,-83.600023,osm,low,https://www.openstreetmap.org/way/160308063,"https://www.google.com/maps?q=32.564795,-83.600023",Rebuild 2.3 miles of the Bonaire Primary - Echeconnee 115kV line with 100C ACSR 795 conductor.,miles=2.3;sub=Bonaire Primary;sub=Echeconnee,CHECK,,2.3,False,rest_of_ga,
GPC,18153,GTC: BONAIRE PRI- ECHECONNEE 115 KV PARTIAL REBUILD,2,Echeconnee,32.685144,-83.700462,nominatim,low,https://www.openstreetmap.org/node/153924933,"https://www.google.com/maps?q=32.685144,-83.700462",Rebuild 2.3 miles of the Bonaire Primary - Echeconnee 115kV line with 100C ACSR 795 conductor.,miles=2.3;sub=Bonaire Primary;sub=Echeconnee,CHECK,"Bonaire Pri at 32.56479,-83.60002",2.3,False,rest_of_ga,
GPC,18573,GRID - ARKWRIGHT - LLOYD SHOALS 115KV,1,Arkwright,32.932915,-83.702957,nominatim,low,https://www.openstreetmap.org/node/154107057,"https://www.google.com/maps?q=32.932915,-83.702957",Rebuild the Arkwright - Lloyd Shoals 115kV line with 100C 795 ACSR Drake.,sub=Arkwright;sub=Lloyd Shoals,CHECK,"Lloyd Shoals at 33.32061,-83.84101",,False,rest_of_ga,
GPC,18573,GRID - ARKWRIGHT - LLOYD SHOALS 115KV,2,Lloyd Shoals,33.320614,-83.841009,osm,low,https://www.openstreetmap.org/way/674159021,"https://www.google.com/maps?q=33.320614,-83.841009",Rebuild the Arkwright - Lloyd Shoals 115kV line with 100C 795 ACSR Drake.,sub=Arkwright;sub=Lloyd Shoals,CHECK,,,False,rest_of_ga,
GPC,18670,GTC: BANKS CROSSING - POND FORK 115 KV,1,Banks Crossing,34.256773,-83.464051,nominatim,low,https://www.openstreetmap.org/node/154050921,"https://www.google.com/maps?q=34.256773,-83.464051",GTC will build a new 115kV line from McClure Industrial to structure 21N on the Ridgeway Church Road Junction or tap point (approximately 3 miles). Close normally open switch at Ridgeway Church Road to establish the Banks Crossing - Pond Fork 115kV line. All new conductors should be 100C 1351 ACSR Martin.,miles=3;sub=Banks Crossing;sub=Pond Fork,CHECK,,3,False,rest_of_ga,
GPC,18679,DU: EAST DALTON - OOSTANAULA 115KV REBUILD,2,Oostanaula,34.481476,-85.014390,nominatim,low,https://www.openstreetmap.org/node/153807937,"https://www.google.com/maps?q=34.481476,-85.014390",DU: Rebuild the portion of East Dalton - Oostanaula and Dalton - East Dalton 115kV double circuit lines between East Dalton substation and the Dalton substation frame with 200C 795 ACSS.,sub=East Dalton;sub=Oostanaula;sub=Dalton,CHECK,,,False,rest_of_ga,
GPC,18690,PALMYRA REACTOR REMOVAL,1,Palmyra,31.637673,-84.194353,nominatim,low,https://www.openstreetmap.org/node/153949023,"https://www.google.com/maps?q=31.637673,-84.194353",Remove the 6% reactor at the Palmyra Substation.,sub=Palmyra,CHECK,,,False,rest_of_ga,
GPC,18691,GTC: LIZARD LOPE - WESTOVER 115 KV NEW LINE,2,Westover,31.589340,-84.211298,nominatim,low,https://www.openstreetmap.org/node/153851760,"https://www.google.com/maps?q=31.589340,-84.211298","Construct two new 115kV stations, Lizard Lope and Westover, and build a new 19.8 miles of 115kV line from Lizard Lope to Gillionville",miles=19.8;sub=Lizard Lope;sub=Gillionville,CHECK,,19.8,False,rest_of_ga,
GPC,18800,ECHECONNEE-WELLSTON 115KV REBUILD,1,Echeconnee,32.685144,-83.700462,nominatim,low,https://www.openstreetmap.org/node/153924933,"https://www.google.com/maps?q=32.685144,-83.700462",Rebuild the South Warner Robins to Wellston section (1.2 miles) with 100C 1351.5 ACSR Martin conductor.,miles=1.2,CHECK,,1.2,False,rest_of_ga,
GPC,18800,ECHECONNEE-WELLSTON 115KV REBUILD,2,Wellston,32.620097,-83.606568,nominatim,low,https://www.openstreetmap.org/relation/119990,"https://www.google.com/maps?q=32.620097,-83.606568",Rebuild the South Warner Robins to Wellston section (1.2 miles) with 100C 1351.5 ACSR Martin conductor.,miles=1.2,CHECK,,1.2,False,rest_of_ga,
GPC,18848,"BAINBRIDGE TRANSMISSION: EAST RIVER ROAD, EAST BAINBRIDGE",1,East River Road,30.923469,-84.555955,nominatim,low,https://www.openstreetmap.org/way/439007888,"https://www.google.com/maps?q=30.923469,-84.555955","This project will construct a new 115kV breaker and a half substation a mile north of the East Bainbridge substation. East Bainbridge will be simplified to a 115kV straight bus with two transmission lines for service to load, a generation interconnection point and a capacitor bank.",,CHECK,"East Bainbridge at 30.91148,-84.54877",,False,rest_of_ga,
GPC,18848,"BAINBRIDGE TRANSMISSION: EAST RIVER ROAD, EAST BAINBRIDGE",2,East Bainbridge,30.911476,-84.548767,osm,low,https://www.openstreetmap.org/way/492355206,"https://www.google.com/maps?q=30.911476,-84.548767","This project will construct a new 115kV breaker and a half substation a mile north of the East Bainbridge substation. East Bainbridge will be simplified to a 115kV straight bus with two transmission lines for service to load, a generation interconnection point and a capacitor bank.",,CHECK,,,False,rest_of_ga,
GPC,19187,GRID - BREMEN - CROOKED CREEK (APC) 115 KV PROJECT,1,Bremen,33.709192,-85.142716,osm,low,https://www.openstreetmap.org/way/9307582,"https://www.google.com/maps?q=33.709192,-85.142716","Rebuild from Bremen to Indian Creek Road, on the Bremen - Crooked Creek 115kV line (14 miles), using 795 ACSR conductor at 100C.",miles=14;sub=Bremen;sub=Crooked Creek;sub=Indian Creek Road,CHECK,,14,False,rest_of_ga,
GPC,19334,GTC: LAGRANGE - NORTH OPELIKA 230 KV,1,Lagrange,33.024106,-85.015680,osm,low,https://www.openstreetmap.org/way/171039366,"https://www.google.com/maps?q=33.024106,-85.015680","Build a new Lagrange - North Opelika (APC) 230kV line, 29.4 miles, with 100C ACSR 1351.5 Martin Conductor. GTC will construct the ~15 - mile section from Lagrange to the Metering Station near the Georgia - Alabama border. The Metering Station will be owned by GTC. GPC will construct the short line section from the Metering Station to the GA - AL state line. APC will construct the 230kV line from the GA - AL state line to North Opelika.",miles=29.4;sub=Lagrange;sub=North Opelika;sub=Alabama;sub=Metering Station,CHECK,,29.4,False,rest_of_ga,
GPC,19334,GTC: LAGRANGE - NORTH OPELIKA 230 KV,2,North Opelika,32.654855,-85.451059,nominatim,low,https://www.openstreetmap.org/node/153623095,"https://www.google.com/maps?q=32.654855,-85.451059","Build a new Lagrange - North Opelika (APC) 230kV line, 29.4 miles, with 100C ACSR 1351.5 Martin Conductor. GTC will construct the ~15 - mile section from Lagrange to the Metering Station near the Georgia - Alabama border. The Metering Station will be owned by GTC. GPC will construct the short line section from the Metering Station to the GA - AL state line. APC will construct the 230kV line from the GA - AL state line to North Opelika.",miles=29.4;sub=Lagrange;sub=North Opelika;sub=Alabama;sub=Metering Station,CHECK,"Lagrange at 33.02411,-85.01568",29.4,False,rest_of_ga,
GPC,19358,GTC: EAST MOULTRIE - HIGHWAY 112 230 KV LINE,1,East Moultrie,31.242178,-83.743474,osm,low,https://www.openstreetmap.org/way/174466530,"https://www.google.com/maps?q=31.242178,-83.743474",Build a new 27 miles of 230kV line between HWY 112 and East Moultrie substations with 100C 1351 ACSR conductor.,miles=27,CHECK,,27,False,rest_of_ga,
GPC,19618,GORDON-N DUBLIN 115KV (GORDON-ENGL MCI J) REBUILD,1,Gordon,32.882471,-83.316914,osm,low,https://www.openstreetmap.org/way/170991651,"https://www.google.com/maps?q=32.882471,-83.316914",Rebuild the Gordon - Engelhard McIntyre J of the Gordon - North Dublin 115kV line from 100C 336.4 ACSR (2.81 miles) Linnet and 75C 4/0 F Copper/CW (3.18 miles) to 200C ACSS 795 conductor.,miles=2.81;miles=3.18;sub=Gordon;sub=Engelhard McIntyre J;sub=North Dublin,CHECK,,3.18,False,rest_of_ga,
GPC,19621,MCEVER ROAD - SHOAL CREEK 115KV REBUILD,1,McEver Road,34.272883,-83.873801,osm,low,https://www.openstreetmap.org/way/1037359821,"https://www.google.com/maps?q=34.272883,-83.873801","Rebuild the 636 ACSR (1 mile) of the McEver Road - College Square section, and 2 - 4/0 copper part (2.05 miles) of the College Square to Lakeside WTP B line section, part of the McEver Road - Shoal Creek 115kV line, using 200C 1351 ACSS conductor.",miles=1;miles=2.05;sub=McEver Road;sub=College Square;sub=Shoal Creek,CHECK,"College Square at 34.23536,-83.89625",2.05,False,rest_of_ga,
GPC,19622,GTC: RIDDLEVILLE BUS REPLACEMENT,1,Riddleville,32.906823,-82.665689,nominatim,low,https://www.openstreetmap.org/relation/119943,"https://www.google.com/maps?q=32.906823,-82.665689",GTC will replace the main 115kV bus at Riddleville substation with higher rating.,sub=Riddleville,CHECK,,,False,rest_of_ga,
GPC,19627,ECHECONNEE-WELLSTON 115KV LINE REBUILD,1,Echeconnee,32.685144,-83.700462,nominatim,low,https://www.openstreetmap.org/node/153924933,"https://www.google.com/maps?q=32.685144,-83.700462",Rebuild approximately 11.8 miles of the Echeconnee - Wellston 115kV line with 200C 1351 ACSS conductor and the limiting elements along the line with higher ratings. Replace the Bus at North Warner Robins with 1590 AAC.,miles=11.8;sub=Echeconnee;sub=Wellston,CHECK,,11.8,False,rest_of_ga,
GPC,19627,ECHECONNEE-WELLSTON 115KV LINE REBUILD,2,Wellston,32.620097,-83.606568,nominatim,low,https://www.openstreetmap.org/relation/119990,"https://www.google.com/maps?q=32.620097,-83.606568",Rebuild approximately 11.8 miles of the Echeconnee - Wellston 115kV line with 200C 1351 ACSS conductor and the limiting elements along the line with higher ratings. Replace the Bus at North Warner Robins with 1590 AAC.,miles=11.8;sub=Echeconnee;sub=Wellston,CHECK,,11.8,False,rest_of_ga,
GPC,19629,MEAG: BRUMBLEY CREEK - SOUTH BAINBRIDGE 115KV REBUILD,2,South Bainbridge,30.839608,-84.488921,osm,low,https://www.openstreetmap.org/way/165831924,"https://www.google.com/maps?q=30.839608,-84.488921",Rebuild 2.1 miles segment from line tap into Roddenbery Station on the South Bainbridge - Thomasville 115kV line from 50C ACSR TW 762.8 to 200C 1351 ACSS conductor.,miles=2.1;sub=South Bainbridge;sub=Thomasville,CHECK,"Thomasville at 30.90852,-84.00503",2.1,False,rest_of_ga,
GPC,19636,HAMMOND - WEISS DAM 115KV LINE REBUILD,1,Hammond,33.925380,-84.367426,nominatim,low,https://www.openstreetmap.org/node/154297724,"https://www.google.com/maps?q=33.925380,-84.367426",Rebuild 11.2 miles of Hammond - Weiss Dam 115kV from Hammond to the APC border with 200C 795 ACSS.,miles=11.2;sub=Hammond;sub=Weiss Dam;sub=APC,CHECK,,11.2,False,rest_of_ga,
GPC,19636,HAMMOND - WEISS DAM 115KV LINE REBUILD,2,Weiss Dam,34.172075,-85.753906,nominatim,low,https://www.openstreetmap.org/way/1388993512,"https://www.google.com/maps?q=34.172075,-85.753906",Rebuild 11.2 miles of Hammond - Weiss Dam 115kV from Hammond to the APC border with 200C 795 ACSS.,miles=11.2;sub=Hammond;sub=Weiss Dam;sub=APC,CHECK,,11.2,False,rest_of_ga,
GPC,19992,GTC: BOSTWICK - EAST SOCIAL CIRCLE 230KV RECONDUCTOR,1,Bostwick,33.737371,-83.514509,nominatim,low,https://www.openstreetmap.org/relation/119582,"https://www.google.com/maps?q=33.737371,-83.514509",Reconductor 10.8 miles of the East Social Circle - East Watkinsville 230kV line (up to future Bostwick location) from 1033 ACSR Curlew conductor to 1033 ACCR 200C conductor.,miles=10.8;sub=East Social Circle;sub=East Watkinsville,CHECK,"East Social Circle at 33.67415,-83.67933",10.8,False,rest_of_ga,
GPC,19992,GTC: BOSTWICK - EAST SOCIAL CIRCLE 230KV RECONDUCTOR,2,East Social Circle,33.674150,-83.679326,osm,low,https://www.openstreetmap.org/way/171531630,"https://www.google.com/maps?q=33.674150,-83.679326",Reconductor 10.8 miles of the East Social Circle - East Watkinsville 230kV line (up to future Bostwick location) from 1033 ACSR Curlew conductor to 1033 ACCR 200C conductor.,miles=10.8;sub=East Social Circle;sub=East Watkinsville,CHECK,"East Watkinsville at 33.86055,-83.38476",10.8,False,rest_of_ga,
GPC,19995,TALLULAH LODGE - TOCCOA 115 KV REBUILD,2,Toccoa,34.580946,-83.352734,osm,low,https://www.openstreetmap.org/way/52440914,"https://www.google.com/maps?q=34.580946,-83.352734",Rebuild the Tallulah Lodge - Toccoa 115kV Line with 100C 795 ACSR conductor (total of 10.3 miles). Replace limiting elements at Tallulah Lodge and Toccoa.,miles=10.3;sub=Tallulah Lodge;sub=Toccoa,CHECK,,10.3,False,rest_of_ga,
GPC,19997,AULTMAN ROAD-PERRY 115KV LINE REBUILD,1,Aultman Road,32.562253,-83.738810,nominatim,low,https://www.openstreetmap.org/way/9426022,"https://www.google.com/maps?q=32.562253,-83.738810",Rebuild the PPG J2 - Langston Road line section of the Aultman Road - Perry 115kV line from 100C 336 ACSR Linnet conductor to 200C 1351 ACSS conductor.,sub=Aultman Road;sub=Perry,CHECK,"Perry at 32.45538,-83.70202",,False,rest_of_ga,
GPC,19997,AULTMAN ROAD-PERRY 115KV LINE REBUILD,2,Perry,32.455381,-83.702021,osm,low,https://www.openstreetmap.org/way/177850740,"https://www.google.com/maps?q=32.455381,-83.702021",Rebuild the PPG J2 - Langston Road line section of the Aultman Road - Perry 115kV line from 100C 336 ACSR Linnet conductor to 200C 1351 ACSS conductor.,sub=Aultman Road;sub=Perry,CHECK,,,False,rest_of_ga,
GPC,20024,DYER ROAD - EAST ROANOKE 115KV (REBUILD),1,Dyer Road,33.634570,-84.989986,nominatim,low,https://www.openstreetmap.org/way/9074211,"https://www.google.com/maps?q=33.634570,-84.989986",Rebuild 20.7 miles of 75C 397.5 ACSR conductor with advanced conductor from Dyer Road to Wansley tap on the Dyer Road - East Roanoke (APC) 115kV line.,miles=20.7;sub=Dyer Road;sub=East Roanoke;sub=Wansley,CHECK,"Wansley at 33.41096,-85.03077",20.7,False,rest_of_ga,
GPC,20151,CC - CASS PINE 230/25 NEW SUB - QCELLS - CC IMPROVEMENTS,2,Qcells,34.287295,-84.791692,nominatim,low,https://www.openstreetmap.org/way/1525009658,"https://www.google.com/maps?q=34.287295,-84.791692",Build a new 230/25kV 8 element ring bus networked substation named Cass Pine that will interconnect between new Great Valley and Hill View 230kV substations.,,CHECK,,,False,rest_of_ga,
GPC,20175,CC - PROJECT CHRONOS- SK/HYUNDAI,1,Cartersville,34.179945,-84.810691,osm,low,https://www.openstreetmap.org/way/175158197,"https://www.google.com/maps?q=34.179945,-84.810691",GPC will build a 230/25kV station named Two Run Ranch and loop it into the Cartersville - Pinson 230kV line to serve SK Battery/Hyundai and new load in the area.,sub=Cartersville;sub=Pinson,CHECK,,,False,rest_of_ga,
GPC,20175,CC - PROJECT CHRONOS- SK/HYUNDAI,2,Pinson,34.363146,-85.063558,nominatim,low,https://www.openstreetmap.org/node/153589992,"https://www.google.com/maps?q=34.363146,-85.063558",GPC will build a 230/25kV station named Two Run Ranch and loop it into the Cartersville - Pinson 230kV line to serve SK Battery/Hyundai and new load in the area.,sub=Cartersville;sub=Pinson,CHECK,"Cartersville at 34.17994,-84.81069",,False,rest_of_ga,
GPC,20223,CC - PROJECT PAYTON BAINBRIDGE,2,South Bainbridge,30.839608,-84.488921,osm,low,https://www.openstreetmap.org/way/165831924,"https://www.google.com/maps?q=30.839608,-84.488921",Split Farley - South Bainbridge 230kV line with a 230kV station (Dothan Road) and bring an 8.5 mile 200C 1351 ACSS 230kV line from Dothan Rd to new customer sub Downrange. Bring another 10mile 200C 1351 ACSS 230kV line from Climax to customer sub Downrange.,miles=8.5;miles=10;sub=South Bainbridge,CHECK,,10,False,rest_of_ga,
GPC,20234,DOYLE - LG&E MONROE 230KV - JACKS CREEK LOOP IN,1,Doyle,33.837924,-83.698786,osm,low,https://www.openstreetmap.org/way/176906118,"https://www.google.com/maps?q=33.837924,-83.698786",Loop in and out the new Jack's Creek 230kV switching station into the Doyle - LG&E Monroe 230kV line. This is coordinated with the East Walton Project (TEAMS #09662).,sub=Doyle,CHECK,,,False,rest_of_ga,
GPC,20284,KETTLE CREEK PRIMARY - PINE GROVE PRIMARY 115KV REBUILD,2,Pine Grove Primary,30.881649,-83.227987,osm,low,https://www.openstreetmap.org/way/174399121,"https://www.google.com/maps?q=30.881649,-83.227987",Rebuild approximately 38.04 miles of 50C 4/0 ACSR conductor from the Pine Grove to the Pearson tap using 200C 1351 ACSS conductor.,miles=38.04;sub=Pine Grove;sub=Pearson,CHECK,,38.04,False,rest_of_ga,
GPC,20285,LOWER RIVER - WEBB (APC) 115KV RECONDUCTOR,2,Webb,31.260453,-85.273266,nominatim,low,https://www.openstreetmap.org/relation/110385,"https://www.google.com/maps?q=31.260453,-85.273266",Reconductor 0.97 miles of 100C 636 Grosbeak Lower River - Webb 115kV line with 200C 795 ACSS Drake conductor.,miles=0.97;sub=Grosbeak Lower River;sub=Webb,CHECK,,0.97,False,rest_of_ga,
GPC,20298,GLENWOOD SPRINGS - LAKE OCONEE 115KV LINE REBUILD,2,Lake Oconee,33.459530,-83.247451,osm,low,https://www.openstreetmap.org/way/1054868572,"https://www.google.com/maps?q=33.459530,-83.247451",Rebuild the North Eatonton Junction - Putnam Sawmill Junction line with 200C 1351 ACSS conductor.,sub=North Eatonton Junction;sub=Putnam Sawmill Junction,CHECK,,,False,rest_of_ga,
GPC,20466,SMART VALVE INSTALLATION,1,Branch,,,,low,https://www.openstreetmap.org/way/170296008,https://www.google.com/maps/search/?api=1&query=Branch%20substation%20Georgia,Installation of Smart Valve devices inside the Eatonton Primary substation on the Branch - Oasis 230kV and Eatonton Primary - Oasis 230kV lines.,sub=Branch;sub=Oasis;sub=Eatonton Primary,CHECK,"Eatonton Primary at 33.30448,-83.40252",,False,rest_of_ga,
GPC,20466,SMART VALVE INSTALLATION,3,Eatonton Primary,33.304481,-83.402519,osm,low,https://www.openstreetmap.org/way/171527955,"https://www.google.com/maps?q=33.304481,-83.402519",Installation of Smart Valve devices inside the Eatonton Primary substation on the Branch - Oasis 230kV and Eatonton Primary - Oasis 230kV lines.,sub=Branch;sub=Oasis;sub=Eatonton Primary,CHECK,,,False,rest_of_ga,
GPC,20482,PITTMAN ROAD - WEST POINT DAM (USA) 115KV REBUILD,1,Pittman Road,33.641225,-84.584722,nominatim,low,https://www.openstreetmap.org/way/731060337,"https://www.google.com/maps?q=33.641225,-84.584722",Rebuild 3 miles from the Pittman Road 115kV station to the West Point Dam (USA) 115kV station with 100C 1351 ACSS Martin conductor. Replace AAC 750 jumper at Pittman Road 115kV with (2) 1590 AAC.,miles=3,CHECK,"West Point Dam at 32.91876,-85.18882",3,False,rest_of_ga,
GPC,20482,PITTMAN ROAD - WEST POINT DAM (USA) 115KV REBUILD,2,West Point Dam,32.918762,-85.188822,osm,low,https://www.openstreetmap.org/way/1058469136,"https://www.google.com/maps?q=32.918762,-85.188822",Rebuild 3 miles from the Pittman Road 115kV station to the West Point Dam (USA) 115kV station with 100C 1351 ACSS Martin conductor. Replace AAC 750 jumper at Pittman Road 115kV with (2) 1590 AAC.,miles=3,CHECK,,3,False,rest_of_ga,
GPC,20503,GTC: BARNEYVILLE - EAST MOULTRIE 115KV NEW LINE,1,Barneyville,31.214078,-83.454051,nominatim,low,https://www.openstreetmap.org/node/154388468,"https://www.google.com/maps?q=31.214078,-83.454051",Build a new 20 miles of 115kV line with 200C 1351 ACSS from Barneyville to East Moultrie. Add 115kV breakers to Barneyville and East Moultrie substations.,miles=20;sub=Barneyville;sub=East Moultrie,CHECK,"East Moultrie at 31.24218,-83.74347",20,False,rest_of_ga,
GPC,20503,GTC: BARNEYVILLE - EAST MOULTRIE 115KV NEW LINE,2,East Moultrie,31.242178,-83.743474,osm,low,https://www.openstreetmap.org/way/174466530,"https://www.google.com/maps?q=31.242178,-83.743474",Build a new 20 miles of 115kV line with 200C 1351 ACSS from Barneyville to East Moultrie. Add 115kV breakers to Barneyville and East Moultrie substations.,miles=20;sub=Barneyville;sub=East Moultrie,CHECK,,20,False,rest_of_ga,
GPC,20512,KATHLEEN AREA IMPROVEMENTS,1,Kathleen,32.495294,-83.609970,nominatim,low,https://www.openstreetmap.org/node/153913608,"https://www.google.com/maps?q=32.495294,-83.609970",Rebuild the Kathleen - Big Grocery Creek 230kV line (approximately 1.5 miles). Rebuild the Bonaire Primary - Kathleen 230kV line (approximately 6 miles). Upgrade limiting elements at Kathleen substation.,miles=1.5;miles=6;sub=Kathleen;sub=Big Grocery Creek;sub=Bonaire Primary,CHECK,"Bonaire Primary at 32.56479,-83.60002",6,False,rest_of_ga,
GPC,20516,"GOAT ROCK 230KV SWITCH, JUMPER, & LINE TRAP REPLACEMENT",1,Goat Rock,32.609566,-85.077823,nominatim,low,https://www.openstreetmap.org/way/425320093,"https://www.google.com/maps?q=32.609566,-85.077823","Replace the 230kV 1200A switch with 3000A, 90C 1351.5 ACSR Martin jumper with (2) AAC 1590, and 1600A line trap with 3000A (part of the Goat Rock - North Opelika 230kV line at Goat Rock substation.",sub=Goat Rock;sub=North Opelika,CHECK,,,False,rest_of_ga,
GPC,20590,GTC: EATONTON PRIMARY - LICK CREEK 115KV LINE SWITCH REPLACEMENT,1,Eatonton Primary,33.304481,-83.402519,osm,low,https://www.openstreetmap.org/way/171527955,"https://www.google.com/maps?q=33.304481,-83.402519",Replace a 1200A RLB line switch on the Eatonton - Lake Oconee 115kV line with a with motor operator and SCADA controls. This switch is located on GTC's Eatonton Primary - Lick Creek 115kV section of the Eatonton Primary - Lake Oconee 115kV Line.,sub=Eatonton;sub=Lake Oconee;sub=GTC's Eatonton Primary;sub=Lick Creek;sub=Eatonton Primary,CHECK,"Lake Oconee at 33.45953,-83.24745",,False,rest_of_ga,
GPC,20591,GTC: EATONTON PRIMARY (035591) - LICK CREEK 115KV REBUILD,1,Eatonton Primary,33.304481,-83.402519,osm,low,https://www.openstreetmap.org/way/171527955,"https://www.google.com/maps?q=33.304481,-83.402519",Rebuild approximately 7.5 miles Eatonton Primary - Lick Creek 115kV line section with 100C 795 ACSR conductor.,miles=7.5;sub=Eatonton Primary;sub=Lick Creek,CHECK,,7.5,False,rest_of_ga,
GPC,20767,ARKWRIGHT BUS AND JUMPER REPLACEMENT,1,Arkwright,32.932915,-83.702957,nominatim,low,https://www.openstreetmap.org/node/154107057,"https://www.google.com/maps?q=32.932915,-83.702957",Replace the 115kV bus at Arkwright with higher rating and replace the jumper on the Arkwright - Forrest Rd (Macon) 115kV line with at least 1590AAC.,sub=Arkwright;sub=Forrest Rd,CHECK,,,False,rest_of_ga,
GPC,20773,GTC: CLARKSBORO - WINDER PRIMARY 230KV REBUILD,1,Clarksboro,34.041223,-83.498217,nominatim,low,https://www.openstreetmap.org/node/154034753,"https://www.google.com/maps?q=34.041223,-83.498217",Rebuild approximately 14 miles of the Clarksboro - Winder 230kV line with 200C 1351 ACSS conductor.,miles=14;sub=Clarksboro;sub=Winder,CHECK,"Winder Primary at 33.99546,-83.75313",14,False,rest_of_ga,
GPC,20773,GTC: CLARKSBORO - WINDER PRIMARY 230KV REBUILD,2,Winder Primary,33.995459,-83.753131,osm,low,https://www.openstreetmap.org/way/171583070,"https://www.google.com/maps?q=33.995459,-83.753131",Rebuild approximately 14 miles of the Clarksboro - Winder 230kV line with 200C 1351 ACSS conductor.,miles=14;sub=Clarksboro;sub=Winder,CHECK,,14,False,rest_of_ga,
GPC,20791,GTC: SHOAL CREEK - SOUTH HALL 230KV REBUILD,2,South Hall,34.218610,-83.802581,osm,low,https://www.openstreetmap.org/way/159608145,"https://www.google.com/maps?q=34.218610,-83.802581","Rebuild approximately 7.9 miles of South Hall - Chestnut Mountain - Spout Springs Road segments of the Shoal Creek - South Hall 230kV line with 200C 1351 ACSS conductor. Also, replace 1 - AAC 1590 jumpers at South Hall with 2 - AAC 1590.",miles=7.9;sub=South Hall;sub=Chestnut Mountain;sub=Shoal Creek,CHECK,,7.9,False,rest_of_ga,
GPC,21013,GTC: CAVENDER DRIVE 500/230KV AUTOBANK,1,Cavender Drive,34.729438,-85.001367,nominatim,low,https://www.openstreetmap.org/way/9540388,"https://www.google.com/maps?q=34.729438,-85.001367","GTC will turn Cavender Drive into a 500/230kV station looping in the Villa Rica - Union City 500kV line, installing a 2016 MVA auto transformer.",sub=Villa Rica;sub=Union City,CHECK,"Villa Rica at 33.74102,-84.85487",,False,rest_of_ga,
GPC,21014,GTC: BUZZARD ROOST - CAVENDER DRIVE 230KV NEW LINE,2,Cavender Drive,34.729438,-85.001367,nominatim,low,https://www.openstreetmap.org/way/9540388,"https://www.google.com/maps?q=34.729438,-85.001367",GTC is building a new 7 mile 230kV line from Cavender Drive to Buzzard Roost with 200C 1351 ACSS Martin.,miles=7;sub=Cavender Drive;sub=Buzzard Roost,CHECK,,7,False,rest_of_ga,
GPC,21046,THALMANN AND COLERAIN 23O KV LINE RELAY PANEL UPGRADES,1,Thalmann,31.293459,-81.680781,osm,low,https://www.openstreetmap.org/way/52068570,"https://www.google.com/maps?q=31.293459,-81.680781",Relay protection modifications at GPC's Thalmann and Colerain substations to match relay scheme used at GTC's new Camden Industrial Park 230/115kV substation.,,CHECK,,,False,rest_of_ga,
GPC,21046,THALMANN AND COLERAIN 23O KV LINE RELAY PANEL UPGRADES,2,Colerain,30.833011,-81.900667,nominatim,low,https://www.openstreetmap.org/node/153980334,"https://www.google.com/maps?q=30.833011,-81.900667",Relay protection modifications at GPC's Thalmann and Colerain substations to match relay scheme used at GTC's new Camden Industrial Park 230/115kV substation.,,CHECK,"Thalmann at 31.29346,-81.68078",,False,rest_of_ga,
GPC,21047,BROADWAY - ECHECONNEE 115 KV LINE REBUILD,2,Echeconnee,32.685144,-83.700462,nominatim,low,https://www.openstreetmap.org/node/153924933,"https://www.google.com/maps?q=32.685144,-83.700462",Rebuild the Griffin Rd – Echeconnee line section of Broadway - Echeconnee line with 200C 1351 ACSS conductor.,sub=Broadway;sub=Echeconnee,CHECK,,,False,rest_of_ga,
GPC,21048,FITZGERALD - PITTS 115 KV LINE REBUILD,2,Pitts,31.944621,-83.540721,nominatim,low,https://www.openstreetmap.org/relation/119918,"https://www.google.com/maps?q=31.944621,-83.540721",Rebuild approximately 26.14 miles of the Fitzgerald - Pitts 115kV line with 200C 1351 ACSS.,miles=26.14;sub=Fitzgerald;sub=Pitts,CHECK,,26.14,False,rest_of_ga,
GPC,21053,MCEVER ROAD - SHOAL CREEK 115KV REBUILD PHASE III,1,McEver Road,34.272883,-83.873801,osm,low,https://www.openstreetmap.org/way/1037359821,"https://www.google.com/maps?q=34.272883,-83.873801","Rebuild the 2 - 4/0 copper part (approximately 2.9 miles) of the Gainesville Ferry - Lakeside WTP A line section, part of the McEver Road - Shoal Creek 115kV line, using 200C 1351 ACSS conductor.",miles=2.9;sub=Gainesville Ferry;sub=Lakeside WTP A;sub=McEver Road;sub=Shoal Creek,CHECK,,2.9,False,rest_of_ga,
GPC,21062,ASHLEY PARK-WANSLEY 500KV,1,Ashley Park,33.390801,-84.764383,nominatim,low,https://www.openstreetmap.org/way/474075445,"https://www.google.com/maps?q=33.390801,-84.764383","Construct a 500kV line from Ashley Park to Wansley, approximately 35 miles long.",miles=35;sub=Ashley Park;sub=Wansley,CHECK,"Wansley at 33.41096,-85.03077",35,False,rest_of_ga,
GPC,21062,ASHLEY PARK-WANSLEY 500KV,2,Wansley,33.410956,-85.030769,osm,low,https://www.openstreetmap.org/way/159784571,"https://www.google.com/maps?q=33.410956,-85.030769","Construct a 500kV line from Ashley Park to Wansley, approximately 35 miles long.",miles=35;sub=Ashley Park;sub=Wansley,CHECK,,35,False,rest_of_ga,
GPC,21063,FARLEY (APC)-TAZEWELL 500KV,1,Farley,31.222476,-85.112119,nominatim,low,https://www.openstreetmap.org/way/660021586,"https://www.google.com/maps?q=31.222476,-85.112119","Construct a new 500kV line from Farley (APC) to Tazewell substation, approximately 120 miles long. Construct a 5 breaker 500kV ring bus to loop in the Blacksmith - Talbot 500kV line, terminate the new Farley - Tazewell 500kV and Talbot #2 - Tazewell 500kV lines. Install a 500/230kV auto transformer to connect to the existing 230kV switchyard.",miles=120;sub=Blacksmith;sub=Talbot;sub=Farley;sub=Tazewell,CHECK,,120,False,rest_of_ga,
GPC,21077,GTC: ROCKVILLE - TIGER CREEK -WARTHEN 500KV LINES,2,Tiger Creek,33.094506,-82.981585,osm,low,https://www.openstreetmap.org/way/170296000,"https://www.google.com/maps?q=33.094506,-82.981585","Build the new 500kV line from Rockville to Tiger Creek and Tiger Creek to Warthen, approximately 20 miles and 9 miles long respectively. Build a 500kV yard at Tiger Creek and install a 500/230kV auto transformer. Make all necessary accommodations at Warthen and Rockville for the new 500kV breakers.",miles=20;miles=9;sub=Rockville;sub=Tiger Creek,CHECK,"Warthen at 33.12006,-82.85948",9,False,rest_of_ga,
GPC,21077,GTC: ROCKVILLE - TIGER CREEK -WARTHEN 500KV LINES,3,Warthen,33.120062,-82.859484,osm,low,https://www.openstreetmap.org/way/160057277,"https://www.google.com/maps?q=33.120062,-82.859484","Build the new 500kV line from Rockville to Tiger Creek and Tiger Creek to Warthen, approximately 20 miles and 9 miles long respectively. Build a 500kV yard at Tiger Creek and install a 500/230kV auto transformer. Make all necessary accommodations at Warthen and Rockville for the new 500kV breakers.",miles=20;miles=9;sub=Rockville;sub=Tiger Creek,CHECK,"Tiger Creek at 33.09451,-82.98158",9,False,rest_of_ga,
GPC,21094,GTC: TIGER CREEK- ROCKVILLE-NORTH SPA 230KV PROJECT,1,Tiger Creek,33.094506,-82.981585,osm,low,https://www.openstreetmap.org/way/170296000,"https://www.google.com/maps?q=33.094506,-82.981585",Build a new 4 - breaker 230kV ring bus at Rockville substation (no auto transformer to be added at this time). Loop in the Eatonton Primary #2 - Wallace Dam 230kV line. Build a new line 230kV line to Tiger Creek. Build a new 230kV line to North Spa.,sub=Rockville,CHECK,,,False,rest_of_ga,
GPC,21094,GTC: TIGER CREEK- ROCKVILLE-NORTH SPA 230KV PROJECT,2,Rockville,33.327636,-83.218768,nominatim,low,https://www.openstreetmap.org/node/154297495,"https://www.google.com/maps?q=33.327636,-83.218768",Build a new 4 - breaker 230kV ring bus at Rockville substation (no auto transformer to be added at this time). Loop in the Eatonton Primary #2 - Wallace Dam 230kV line. Build a new line 230kV line to Tiger Creek. Build a new 230kV line to North Spa.,sub=Rockville,CHECK,"Tiger Creek at 33.09451,-82.98158",,False,rest_of_ga,
GPC,21111,GTC: HARTWELL DAM - HARTWELL ENERGY 230KV SERIES REACTORS,1,Hartwell Dam,34.358006,-82.821109,nominatim,low,https://www.openstreetmap.org/way/524756219,"https://www.google.com/maps?q=34.358006,-82.821109",GTC: Replace the 1600A series reactors on the Hartwell Dam - Hartwell Energy 230kV line with 3000A.,sub=Hartwell Dam;sub=Hartwell Energy,CHECK,"Hartwell Energy at 34.33933,-82.82017",,False,rest_of_ga,
GPC,21111,GTC: HARTWELL DAM - HARTWELL ENERGY 230KV SERIES REACTORS,2,Hartwell Energy,34.339328,-82.820172,osm,low,https://www.openstreetmap.org/way/256579728,"https://www.google.com/maps?q=34.339328,-82.820172",GTC: Replace the 1600A series reactors on the Hartwell Dam - Hartwell Energy 230kV line with 3000A.,sub=Hartwell Dam;sub=Hartwell Energy,CHECK,,,False,rest_of_ga,
GPC,21113,GTC: HARTWELL ENERGY - MIDDLE FORK 230KV LINE,1,Hartwell Energy,34.339328,-82.820172,osm,low,https://www.openstreetmap.org/way/256579728,"https://www.google.com/maps?q=34.339328,-82.820172","Construct a new 230kV line, approx. 35 miles, from Hartwell Energy to Middle Fork with 200C (2) 1351 ACSS conductor. GTC: Expand Hartwell Energy 230kV and Middle Fork 230kV as necessary to install breakers to accept new line termination.",miles=35;sub=Hartwell Energy;sub=Middle Fork,CHECK,,35,False,rest_of_ga,
GPC,21128,GOAT ROCK REACTORS INSTALLATION,1,Goat Rock,32.609566,-85.077823,nominatim,low,https://www.openstreetmap.org/way/425320093,"https://www.google.com/maps?q=32.609566,-85.077823",Install 1% series reactors on the Fortson - Goat Rock (Black) 230kV and Fortson - Goat Rock (White) 230kV.,sub=Fortson;sub=Goat Rock,CHECK,"Fortson at 32.61017,-84.91563",,False,rest_of_ga,
GPC,21129,ANNISTON - HAMMOND 230KV LINE,1,Anniston,33.662482,-85.828322,nominatim,low,https://www.openstreetmap.org/relation/110519,"https://www.google.com/maps?q=33.662482,-85.828322",Rebuild the 28.12 miles section between Hammond and the Goshen tap with 200C 1351 ACSS Martin conductor.,miles=28.12,CHECK,,28.12,False,rest_of_ga,
GPC,21129,ANNISTON - HAMMOND 230KV LINE,2,Hammond,33.925380,-84.367426,nominatim,low,https://www.openstreetmap.org/node/154297724,"https://www.google.com/maps?q=33.925380,-84.367426",Rebuild the 28.12 miles section between Hammond and the Goshen tap with 200C 1351 ACSS Martin conductor.,miles=28.12,CHECK,,28.12,False,rest_of_ga,
GPC,21130,CC - NORTH GEORGIA DATA NETWORK UPGRADES,1,North Jackson,34.182423,-83.664658,osm,low,https://www.openstreetmap.org/way/171583087,"https://www.google.com/maps?q=34.182423,-83.664658",Construct approximately 7 miles of 115kV line with minimum 170C 1351 ACSS conductor from Gillsville Tap Junction to Midway. Utilize the existing GPC owned North Jackson - Lawrence Smith 46kV ROW that is to be retired. Disconnect the East Maysville 115kV tap at Midway 115kV and terminate the new Pond Fork - Midway 115kV line.,miles=7;sub=North Jackson;sub=Lawrence Smith;sub=Pond Fork;sub=Midway;sub=Gillsville Tap Junction,CHECK,,7,False,rest_of_ga,
GPC,21131,GTC: POND FORK - MIDWAY 115KV LINE,2,Midway,34.541765,-83.540172,nominatim,low,https://www.openstreetmap.org/node/153936759,"https://www.google.com/maps?q=34.541765,-83.540172","GTC: Construct approximately 6 miles of 115kV line with minimum 170C 1351 ACSS conductor from Gillsville Tap Junction to Pond Fork, utilizing the existing GTC owned portion of the North Jackson - Lawrence Smith 46kV ROW. At Pond Fork, install a second 230/115kV 400MVA auto transformer and terminate the Pond Fork - Midway 115kV line.",miles=6;sub=North Jackson;sub=Lawrence Smith;sub=Pond Fork;sub=Midway;sub=Gillsville Tap Junction,CHECK,"North Jackson at 34.18242,-83.66466",6,False,rest_of_ga,
GPC,21141,LLOYD SHOALS - PORTERDALE PRIMARY 115KV REBUILD,1,Lloyd Shoals,33.320614,-83.841009,osm,low,https://www.openstreetmap.org/way/674159021,"https://www.google.com/maps?q=33.320614,-83.841009",Rebuild 15.8 miles of 50C 397.5 ACSR Ibis with 200C 1351 ACSS Martin from Jackson Lake to Lloyd Shoals and Jackson Lake to South. Covington Junction.,miles=15.8;sub=Jackson Lake;sub=Lloyd Shoals,CHECK,,15.8,False,rest_of_ga,
GPC,21141,LLOYD SHOALS - PORTERDALE PRIMARY 115KV REBUILD,2,Porterdale Primary,33.575115,-83.893795,nominatim,low,https://www.openstreetmap.org/relation/119607,"https://www.google.com/maps?q=33.575115,-83.893795",Rebuild 15.8 miles of 50C 397.5 ACSR Ibis with 200C 1351 ACSS Martin from Jackson Lake to Lloyd Shoals and Jackson Lake to South. Covington Junction.,miles=15.8;sub=Jackson Lake;sub=Lloyd Shoals,CHECK,"Lloyd Shoals at 33.32061,-83.84101",15.8,False,rest_of_ga,
GPC,10811,BOWEN #10 500/230KV AUTOBANK REPLACEMENT,1,Bowen #10,34.127135,-84.918055,osm,medium,https://www.openstreetmap.org/way/662245679,"https://www.google.com/maps?q=34.127135,-84.918055",Replace the existing Bowen #10 1350 MVA 500/230kV auto transformer with a 2016 MVA 500/230kV auto transformer.,,VERIFY,,,False,rest_of_ga,
GPC,11821,JESUP - LUDOWICI PRIMARY 115KV REBUILD,1,Jesup,31.603106,-81.924947,osm,medium,https://www.openstreetmap.org/way/103029795,"https://www.google.com/maps?q=31.603106,-81.924947",Rebuild approximately 7.5 miles of the Jesup - North Jesup - Rayonier section of the Jesup - Ludowici Primary 115kV line from 100C 336.4 ACSR Linnet conductor to 100C 795 ACSR Drake conductor.,miles=7.5;sub=Jesup;sub=North Jesup;sub=Ludowici Primary,VERIFY,,7.5,False,rest_of_ga,
GPC,11821,JESUP - LUDOWICI PRIMARY 115KV REBUILD,2,Ludowici Primary,31.721597,-81.743703,osm,medium,https://www.openstreetmap.org/way/358894868,"https://www.google.com/maps?q=31.721597,-81.743703",Rebuild approximately 7.5 miles of the Jesup - North Jesup - Rayonier section of the Jesup - Ludowici Primary 115kV line from 100C 336.4 ACSR Linnet conductor to 100C 795 ACSR Drake conductor.,miles=7.5;sub=Jesup;sub=North Jesup;sub=Ludowici Primary,VERIFY,,7.5,False,rest_of_ga,
GPC,16887,BUTLER - THOMASTON 230KV LINE CONVERSION,1,Butler,32.571022,-84.289729,osm,medium,https://www.openstreetmap.org/way/170999705,"https://www.google.com/maps?q=32.571022,-84.289729",Rebuild the radial Thomaston - Butler 115kV line to 230kV network operation. Make all necessary upgrades and accommodations at Butler and Thomaston. Convert the Wesley substation from 115kV to 230kV.,sub=Thomaston;sub=Butler,VERIFY,,,False,rest_of_ga,
GPC,16887,BUTLER - THOMASTON 230KV LINE CONVERSION,2,Thomaston,32.899923,-84.312517,osm,medium,https://www.openstreetmap.org/way/160308061,"https://www.google.com/maps?q=32.899923,-84.312517",Rebuild the radial Thomaston - Butler 115kV line to 230kV network operation. Make all necessary upgrades and accommodations at Butler and Thomaston. Convert the Wesley substation from 115kV to 230kV.,sub=Thomaston;sub=Butler,VERIFY,,,False,rest_of_ga,
GPC,18700,DAWSON CROSSING - GAINESVILLE #1 115 KV,1,Dawson Crossing,34.378118,-84.133575,osm,medium,https://www.openstreetmap.org/way/177912657,"https://www.google.com/maps?q=34.378118,-84.133575","Replace the 500CU main bus at Gainesville #1 115kV with 3"" Sch 40 AL Tube.",,VERIFY,,,False,rest_of_ga,
GPC,18700,DAWSON CROSSING - GAINESVILLE #1 115 KV,2,Gainesville #1,34.263022,-83.809673,osm,medium,https://www.openstreetmap.org/way/179716524,"https://www.google.com/maps?q=34.263022,-83.809673","Replace the 500CU main bus at Gainesville #1 115kV with 3"" Sch 40 AL Tube.",,VERIFY,,,False,rest_of_ga,
GPC,18774,GTC: HEARD COUNTY - TENASKA 500KV (SECOND LINE),1,Heard County,33.358678,-84.994222,osm,medium,https://www.openstreetmap.org/way/163891193,"https://www.google.com/maps?q=33.358678,-84.994222","GTC: Build a second Heard County - Tenaska 500kV line, 0.8 miles, with 100C (3) 1113 ACSR Bluejay conductors. Add a 500kV breaker at Heard County. GPC: Add a 500kV breaker at Tenaska.",miles=0.8;county=Heard;sub=Heard County;sub=Tenaska,VERIFY,,0.8,False,rest_of_ga,
GPC,18774,GTC: HEARD COUNTY - TENASKA 500KV (SECOND LINE),2,Tenaska,33.351627,-84.998090,osm,medium,https://www.openstreetmap.org/way/163891161,"https://www.google.com/maps?q=33.351627,-84.998090","GTC: Build a second Heard County - Tenaska 500kV line, 0.8 miles, with 100C (3) 1113 ACSR Bluejay conductors. Add a 500kV breaker at Heard County. GPC: Add a 500kV breaker at Tenaska.",miles=0.8;county=Heard;sub=Heard County;sub=Tenaska,VERIFY,,0.8,False,rest_of_ga,
GPC,18832,MEAG: FORTSON 230KV SUBSTATION MODERNIZATION,1,Fortson,32.610165,-84.915634,osm,medium,https://www.openstreetmap.org/way/163762708,"https://www.google.com/maps?q=32.610165,-84.915634","Complete modernization and replacement of obsolete equipment and relays for the 500kV, 230kV, and 115kV yards. Add a redundant relay scheme at Fortson.",,VERIFY,,,False,rest_of_ga,
GPC,19630,MEAG: THOMASVILLE 230/115KV AUTOBANK REPLACEMENT,1,Thomasville,30.908520,-84.005031,osm,medium,https://www.openstreetmap.org/way/172096005,"https://www.google.com/maps?q=30.908520,-84.005031",Replace the 140MVA 230/115kV auto transformer #4 at Thomasville substation.,sub=Thomasville,VERIFY,,,False,rest_of_ga,
GPC,19631,PINE GROVE PRIMARY 115 KV DUAL STAGE CAPACITOR BANK,1,Pine Grove Primary,30.881649,-83.227987,osm,medium,https://www.openstreetmap.org/way/174399121,"https://www.google.com/maps?q=30.881649,-83.227987",Install a Dual Stage 30MVAR capacitor bank at Pine Grove Primary.,,VERIFY,,,False,rest_of_ga,
GPC,19706,GRID - GAINESVILLE #2 EQUIPMENT REPLACEMENT,1,Gainesville #2,34.263022,-83.809673,osm,medium,https://www.openstreetmap.org/way/179716524,"https://www.google.com/maps?q=34.263022,-83.809673",GPC: Replace the two 230/115kV auto transformers (Bank C and D) at Gainesville #2 with 400MVA. Project was originally maintenance driven but now compliance driven.,,VERIFY,,,False,rest_of_ga,
GPC,19950,GTC: DRESDEN - TALBOT 500KV LINE,1,Dresden,33.351115,-84.905954,osm,medium,https://www.openstreetmap.org/way/163891152,"https://www.google.com/maps?q=33.351115,-84.905954",GTC will build a new 500kV line from Talbot to Dresden (75 miles). This project will create a new Talbot 500/230kV substation with a 500/230kV auto transformers. The low side of the auto transformers will connect to the Talbot County #1 and #2 230kV buses.,miles=75;county=Talbot;sub=Talbot;sub=Dresden,VERIFY,,75,False,rest_of_ga,
GPC,19950,GTC: DRESDEN - TALBOT 500KV LINE,2,Talbot,32.588839,-84.693180,osm,medium,https://www.openstreetmap.org/way/163762719,"https://www.google.com/maps?q=32.588839,-84.693180",GTC will build a new 500kV line from Talbot to Dresden (75 miles). This project will create a new Talbot 500/230kV substation with a 500/230kV auto transformers. The low side of the auto transformers will connect to the Talbot County #1 and #2 230kV buses.,miles=75;county=Talbot;sub=Talbot;sub=Dresden,VERIFY,,75,False,rest_of_ga,
GPC,19999,GTC: ROBINS SPRING BUS REPLACEMENT,1,Robins Spring,33.005427,-82.879763,osm,medium,https://www.openstreetmap.org/way/1011162726,"https://www.google.com/maps?q=33.005427,-82.879763",GTC: Replace the main 115kV bus 90C ACSR 336.4 Linnet conductor with higher rating.,,VERIFY,,,False,rest_of_ga,
GPC,20001,GTC: ROBINS SPRING CAPACITOR BANK INSTALLATION,1,Robins Spring,33.005427,-82.879763,osm,medium,https://www.openstreetmap.org/way/1011162726,"https://www.google.com/maps?q=33.005427,-82.879763",Install a 115kV 2 - stage 22.5MVAR (45MVAR total) capacitor bank at Robins Spring,,VERIFY,,,False,rest_of_ga,
GPC,20002,GTC: GORDON - SANDERSVILLE #1 115KV LINE REBUILD,1,Gordon,32.882471,-83.316914,osm,medium,https://www.openstreetmap.org/way/170991651,"https://www.google.com/maps?q=32.882471,-83.316914",Rebuild the 1.87 miles of Sandersville #1 - Sandersville #6 line section of the Gordon - Sandersville #1 115kV line from 100C ACSR 336 conductor to 100C ACSR 795 conductor.,miles=1.87;sub=Gordon;sub=Sandersville,VERIFY,,1.87,False,rest_of_ga,
GPC,20002,GTC: GORDON - SANDERSVILLE #1 115KV LINE REBUILD,2,Sandersville #1,32.998477,-82.801938,osm,medium,https://www.openstreetmap.org/way/170295993,"https://www.google.com/maps?q=32.998477,-82.801938",Rebuild the 1.87 miles of Sandersville #1 - Sandersville #6 line section of the Gordon - Sandersville #1 115kV line from 100C ACSR 336 conductor to 100C ACSR 795 conductor.,miles=1.87;sub=Gordon;sub=Sandersville,VERIFY,,1.87,False,rest_of_ga,
GPC,20160,THOMASTON 230 NEW BUILD SUB,1,Thomaston,32.899923,-84.312517,osm,medium,https://www.openstreetmap.org/way/160308061,"https://www.google.com/maps?q=32.899923,-84.312517",Replace Thomaston 230/115kV 285MVA auto transformers C and D with 400MVA auto transformers. Install high side breakers to meet the 230kV bus differential standards and redesign 230kV bus to a breaker and a half configuration.,,VERIFY,,,False,rest_of_ga,
GPC,20273,GTC: DRESDEN 500KV BUS EXPANSION,1,Dresden,33.351115,-84.905954,osm,medium,https://www.openstreetmap.org/way/163891152,"https://www.google.com/maps?q=33.351115,-84.905954",GTC will expand the Dresden 500kV bus into a 5 - element ring bus configuration. Loop the O'Hara - Wansley 500kV line into the Dresden 500kV substation and allow for future Dresden - Talbot 500kV line termination.,sub=O'Hara;sub=Wansley;sub=Dresden;sub=Talbot,VERIFY,,,False,rest_of_ga,
GPC,20326,ANTHONY SHOALS STATCOM SYSTEM,1,Anthony Shoals,34.001832,-82.636279,osm,medium,https://www.openstreetmap.org/way/171540506,"https://www.google.com/maps?q=34.001832,-82.636279",Install a + 150 / - 150 MVAR turnkey STATCOM system at Anthony Shoals 230kV substation.,,VERIFY,,,False,rest_of_ga,
GPC,20375,GTC: EAST WATKINSVILLE 230 KV STATION MODIFICATION,1,East Watkinsville,33.860546,-83.384765,osm,medium,https://www.openstreetmap.org/way/171540512,"https://www.google.com/maps?q=33.860546,-83.384765",Replace the 1600A reactors at East Watkinsville on the Russell Dam 230kV line with larger size.,,VERIFY,,,False,rest_of_ga,
GPC,20428,GORDON-SANDERSVILLE #1 115KV LINE REBUILD (DEEPSTEP-SAND #6),1,Gordon,32.882471,-83.316914,osm,medium,https://www.openstreetmap.org/way/170991651,"https://www.google.com/maps?q=32.882471,-83.316914","Rebuild the Deepstep - Robins Spring (7.6 miles) Robins Spring - Kaolin J (2.23mi), and Kaolin J - Sandersville #6 (0.66 miles) line sections of the Gordon - Sandersville #1 115kV line. Rebuild a total of 10.49 miles from 100C 336 ACSR to 100C ACSR 795 conductor.",miles=7.6;miles=0.66;miles=10.49;sub=Deepstep;sub=Robins Spring;sub=Kaolin J;sub=Sandersville;sub=Gordon,VERIFY,,10.49,False,rest_of_ga,
GPC,20428,GORDON-SANDERSVILLE #1 115KV LINE REBUILD (DEEPSTEP-SAND #6),2,Sandersville #1,32.998477,-82.801938,osm,medium,https://www.openstreetmap.org/way/170295993,"https://www.google.com/maps?q=32.998477,-82.801938","Rebuild the Deepstep - Robins Spring (7.6 miles) Robins Spring - Kaolin J (2.23mi), and Kaolin J - Sandersville #6 (0.66 miles) line sections of the Gordon - Sandersville #1 115kV line. Rebuild a total of 10.49 miles from 100C 336 ACSR to 100C ACSR 795 conductor.",miles=7.6;miles=0.66;miles=10.49;sub=Deepstep;sub=Robins Spring;sub=Kaolin J;sub=Sandersville;sub=Gordon,VERIFY,,10.49,False,rest_of_ga,
GPC,20656,PLANT YATES BREAKER AND HALF STATION,1,Plant Yates,33.457634,-84.896958,osm,medium,https://www.openstreetmap.org/way/1024438670,"https://www.google.com/maps?q=33.457634,-84.896958",Rebuild the Yates 6 & 7 substation to a Breaker and a Half configuration.,,VERIFY,,,False,rest_of_ga,
GPC,20668,DRESDEN LINE PROTECTIVE RELAYING,1,Dresden,33.351115,-84.905954,osm,medium,https://www.openstreetmap.org/way/163891152,"https://www.google.com/maps?q=33.351115,-84.905954","On the O'Hara - Wansley 500kV line, replace the protective relay panels associated with the 500kV line terminal facing Dresden, at both O'Hara and Wansley.",sub=O'Hara;sub=Wansley,VERIFY,,,False,rest_of_ga,
GPC,20759,WINDER PRIMARY 230KV BUS 1-2 PARALLEL BUS-TIE INSTALLATION,1,Winder Primary,33.995459,-83.753131,osm,medium,https://www.openstreetmap.org/way/171583070,"https://www.google.com/maps?q=33.995459,-83.753131",Install a 2nd 230kV bus - tie breaker at the Winder Primary Station.,,VERIFY,,,False,rest_of_ga,
GPC,20768,SOUTH MACON 115KV BUSES 1 & 2 REPLACEMENT,1,South Macon,32.820349,-83.626198,osm,medium,https://www.openstreetmap.org/way/170991653,"https://www.google.com/maps?q=32.820349,-83.626198",Replace the 115kV buses 1 and 2 at South Macon with (2) 1590 AAC.,,VERIFY,,,False,rest_of_ga,
GPC,20778,GTC: DOYLE - WINDER PRIMARY 230KV LINE JUMPER REPLACEMENT,1,Doyle,33.837924,-83.698786,osm,medium,https://www.openstreetmap.org/way/176906118,"https://www.google.com/maps?q=33.837924,-83.698786",Replace the limiting AAC 1033 jumper with AAC 1590 at Doyle on the Doyle - Winder Primary 230kV line.,sub=Doyle;sub=Winder Primary,VERIFY,,,False,rest_of_ga,
GPC,20778,GTC: DOYLE - WINDER PRIMARY 230KV LINE JUMPER REPLACEMENT,2,Winder Primary,33.995459,-83.753131,osm,medium,https://www.openstreetmap.org/way/171583070,"https://www.google.com/maps?q=33.995459,-83.753131",Replace the limiting AAC 1033 jumper with AAC 1590 at Doyle on the Doyle - Winder Primary 230kV line.,sub=Doyle;sub=Winder Primary,VERIFY,,,False,rest_of_ga,
GPC,20873,GTC: BONAIRE PRIMARY 500/230KV XFMR REPLCMNT & RELAY MOD,1,Bonaire Primary,32.564795,-83.600023,osm,medium,https://www.openstreetmap.org/way/160308063,"https://www.google.com/maps?q=32.564795,-83.600023","Replace 500/230kV, auto transformer C with a new 448 MVA transformer. Replace obsolete relay panels.",,VERIFY,,,False,rest_of_ga,
GPC,21123,GTC: TENASKA - WANSLEY 500KV NEW LINE,1,Tenaska,33.351627,-84.998090,osm,medium,https://www.openstreetmap.org/way/163891161,"https://www.google.com/maps?q=33.351627,-84.998090",Construct a 5 mile long 500kV line between Tenaska and Wansley. Make all necessary accommodations at the substations for the line termination.,miles=5,VERIFY,,5,False,rest_of_ga,
GPC,21123,GTC: TENASKA - WANSLEY 500KV NEW LINE,2,Wansley,33.410956,-85.030769,osm,medium,https://www.openstreetmap.org/way/159784571,"https://www.google.com/maps?q=33.410956,-85.030769",Construct a 5 mile long 500kV line between Tenaska and Wansley. Make all necessary accommodations at the substations for the line termination.,miles=5,VERIFY,,5,False,rest_of_ga,
GPC,12120,GAINESVILLE #2 - MCEVER ROAD 115 KV REBUILD,1,Gainesville #2,34.263022,-83.809673,osm,high,https://www.openstreetmap.org/way/179716524,"https://www.google.com/maps?q=34.263022,-83.809673",Rebuild approximately 5.3 miles of the Gainesville #2 - McEver Rd 115kV line with 200C 1351 ACSS conductor.,miles=5.3,CONFIRM,,5.3,False,rest_of_ga,
GPC,12120,GAINESVILLE #2 - MCEVER ROAD 115 KV REBUILD,2,McEver Road,34.272883,-83.873801,osm,high,https://www.openstreetmap.org/way/1037359821,"https://www.google.com/maps?q=34.272883,-83.873801",Rebuild approximately 5.3 miles of the Gainesville #2 - McEver Rd 115kV line with 200C 1351 ACSS conductor.,miles=5.3,CONFIRM,,5.3,False,rest_of_ga,
GPC,17977,ATHENA - EAST WATKINSVILLE 115 KV (REBUILD),1,Athena,33.976403,-83.346119,osm,high,https://www.openstreetmap.org/way/171540528,"https://www.google.com/maps?q=33.976403,-83.346119",Rebuild 8.47 miles of the University of Georgia - East Watkinsville line sections on the Athena - East Watkinsville 115kV line with 100C ACSR 1033 conductor.,miles=8.47;sub=East Watkinsville;sub=Athena,CONFIRM,,8.47,False,rest_of_ga,
GPC,17977,ATHENA - EAST WATKINSVILLE 115 KV (REBUILD),2,East Watkinsville,33.860546,-83.384765,osm,high,https://www.openstreetmap.org/way/171540512,"https://www.google.com/maps?q=33.860546,-83.384765",Rebuild 8.47 miles of the University of Georgia - East Watkinsville line sections on the Athena - East Watkinsville 115kV line with 100C ACSR 1033 conductor.,miles=8.47;sub=East Watkinsville;sub=Athena,CONFIRM,,8.47,False,rest_of_ga,
GPC,18492,MITCHELL - NORTH TIFTON 230KV RECONDUCTOR,1,Mitchell,31.447121,-84.133843,osm,high,https://www.openstreetmap.org/way/656743294,"https://www.google.com/maps?q=31.447121,-84.133843",Rebuild 35.21 miles of the Mitchell - North Tifton 230kV line from 100C 795 ACSR to 100C 1351 ACSR.,miles=35.21;sub=Mitchell;sub=North Tifton,CONFIRM,,35.21,False,rest_of_ga,
GPC,18492,MITCHELL - NORTH TIFTON 230KV RECONDUCTOR,2,North Tifton,31.478089,-83.549130,osm,high,https://www.openstreetmap.org/way/53154820,"https://www.google.com/maps?q=31.478089,-83.549130",Rebuild 35.21 miles of the Mitchell - North Tifton 230kV line from 100C 795 ACSR to 100C 1351 ACSR.,miles=35.21;sub=Mitchell;sub=North Tifton,CONFIRM,,35.21,False,rest_of_ga,
GPC,18668,JESUP - OFFERMAN 115KV REBUILD,1,Jesup,31.603106,-81.924947,osm,high,https://www.openstreetmap.org/way/103029795,"https://www.google.com/maps?q=31.603106,-81.924947","Rebuild 20 miles of 100C 4/0 ACSR Penguin conductor along the Jesup - Offerman 115kV line, with 100C 795 ACSR Drake conductor.",miles=20;sub=Jesup;sub=Offerman,CONFIRM,,20,False,rest_of_ga,
GPC,18668,JESUP - OFFERMAN 115KV REBUILD,2,Offerman,31.423072,-82.143662,osm,high,https://www.openstreetmap.org/way/52069715,"https://www.google.com/maps?q=31.423072,-82.143662","Rebuild 20 miles of 100C 4/0 ACSR Penguin conductor along the Jesup - Offerman 115kV line, with 100C 795 ACSR Drake conductor.",miles=20;sub=Jesup;sub=Offerman,CONFIRM,,20,False,rest_of_ga,
GPC,18669,DU: DAWSON CROSSING - NELSON (WHITE) 115 KV REBUILD,1,Dawson Crossing,34.378118,-84.133575,osm,high,https://www.openstreetmap.org/way/177912657,"https://www.google.com/maps?q=34.378118,-84.133575",Rebuild approximately 15.7 miles of the Dawson Crossing - Etowah - Reavis Mountain - Nelson sections of the Dawson Crossing - Nelson (White) 115kV line with 1351 ACSS conductor. GPC will make any necessary relaying changes at Dawson Crossing.,miles=15.7;sub=Dawson Crossing;sub=Etowah;sub=Reavis Mountain;sub=Nelson,CONFIRM,,15.7,False,rest_of_ga,
GPC,18669,DU: DAWSON CROSSING - NELSON (WHITE) 115 KV REBUILD,2,Nelson,34.386597,-84.378771,osm,high,https://www.openstreetmap.org/way/171713857,"https://www.google.com/maps?q=34.386597,-84.378771",Rebuild approximately 15.7 miles of the Dawson Crossing - Etowah - Reavis Mountain - Nelson sections of the Dawson Crossing - Nelson (White) 115kV line with 1351 ACSS conductor. GPC will make any necessary relaying changes at Dawson Crossing.,miles=15.7;sub=Dawson Crossing;sub=Etowah;sub=Reavis Mountain;sub=Nelson,CONFIRM,,15.7,False,rest_of_ga,
GPC,19248,SANDERSVILLE #1 - WADLEY PRI. 115KV REBUILD/RECONDUCTOR,1,Sandersville #1,32.998477,-82.801938,osm,high,https://www.openstreetmap.org/way/170295993,"https://www.google.com/maps?q=32.998477,-82.801938",Rebuild approximately 24.3 miles of the Sandersville #1 - Wadley Primary 115kV line from 100C 336 ACSR Linnet conductor to 100C 1351 ACSR Drake conductor. Replace limiting elements in substations along the line.,miles=24.3,CONFIRM,,24.3,False,rest_of_ga,
GPC,19248,SANDERSVILLE #1 - WADLEY PRI. 115KV REBUILD/RECONDUCTOR,2,Wadley Pri,32.808561,-82.397465,osm,high,https://www.openstreetmap.org/way/170822073,"https://www.google.com/maps?q=32.808561,-82.397465",Rebuild approximately 24.3 miles of the Sandersville #1 - Wadley Primary 115kV line from 100C 336 ACSR Linnet conductor to 100C 1351 ACSR Drake conductor. Replace limiting elements in substations along the line.,miles=24.3,CONFIRM,,24.3,False,rest_of_ga,
GPC,19598,MEAG: DRESDEN - LAGRANGE PRIMARY 230KV UPGRADE & JUMPERS,1,Dresden,33.351115,-84.905954,osm,high,https://www.openstreetmap.org/way/163891152,"https://www.google.com/maps?q=33.351115,-84.905954",MEAG will re-sag the Dresden - LaGrange Primary 230kV line to 125C. Replace the jumpers at Dresden and LaGrange with (2) 1590 AAC jumpers.,sub=Dresden;sub=LaGrange Primary,CONFIRM,,,False,rest_of_ga,
GPC,19598,MEAG: DRESDEN - LAGRANGE PRIMARY 230KV UPGRADE & JUMPERS,2,Lagrange Primary,33.024106,-85.015680,osm,high,https://www.openstreetmap.org/way/171039366,"https://www.google.com/maps?q=33.024106,-85.015680",MEAG will re-sag the Dresden - LaGrange Primary 230kV line to 125C. Replace the jumpers at Dresden and LaGrange with (2) 1590 AAC jumpers.,sub=Dresden;sub=LaGrange Primary,CONFIRM,,,False,rest_of_ga,
GPC,20346,MCMANUS - WEST BRUNSWICK 115KV REBUILD,1,McManus,31.215869,-81.544137,osm,high,https://www.openstreetmap.org/way/31496730,"https://www.google.com/maps?q=31.215869,-81.544137","Rebuild the McManus - West Brunswick 115kV line, approximately 5.7 miles, with 200C 1351 ACSS Martin conductor.",miles=5.7;sub=McManus;sub=West Brunswick,CONFIRM,,5.7,False,rest_of_ga,
GPC,20346,MCMANUS - WEST BRUNSWICK 115KV REBUILD,2,West Brunswick,31.279909,-81.558657,osm,high,https://www.openstreetmap.org/way/174697782,"https://www.google.com/maps?q=31.279909,-81.558657","Rebuild the McManus - West Brunswick 115kV line, approximately 5.7 miles, with 200C 1351 ACSS Martin conductor.",miles=5.7;sub=McManus;sub=West Brunswick,CONFIRM,,5.7,False,rest_of_ga,
GPC,20789,JEFFERSON ROAD - WINDER PRIMARY 115KV REBUILD,1,Jefferson Road,33.977796,-83.579481,osm,high,https://www.openstreetmap.org/way/1017583912,"https://www.google.com/maps?q=33.977796,-83.579481",Rebuild approximately 11 miles of the Jefferson Road - Russell - Richardson Street Junction segments of the Jefferson Road - Winder Primary 115kV line with 200C 1351 ACSS Martin conductor.,miles=11;sub=Jefferson Road;sub=Russell;sub=Winder Primary,CONFIRM,,11,False,rest_of_ga,
GPC,20789,JEFFERSON ROAD - WINDER PRIMARY 115KV REBUILD,2,Winder Primary,33.995459,-83.753131,osm,high,https://www.openstreetmap.org/way/171583070,"https://www.google.com/maps?q=33.995459,-83.753131",Rebuild approximately 11 miles of the Jefferson Road - Russell - Richardson Street Junction segments of the Jefferson Road - Winder Primary 115kV line with 200C 1351 ACSS Martin conductor.,miles=11;sub=Jefferson Road;sub=Russell;sub=Winder Primary,CONFIRM,,11,False,rest_of_ga,
GPC,20874,GTC: BARNESVILLE PRIMARY- BARNESVILLE #1 115KV RECONDUCTOR,1,Barnesville Primary,33.032069,-84.201258,osm,high,https://www.openstreetmap.org/way/564834100,"https://www.google.com/maps?q=33.032069,-84.201258",Rebuild approximately 4.53 miles of the Barnesville Primary - Barnesville #1 segment on the Barnesville Primary - Lamar County Industrial 115kV line.,miles=4.53;county=Lamar;sub=Barnesville Primary;sub=Barnesville;sub=Lamar County Industrial,CONFIRM,,4.53,False,rest_of_ga,
GPC,20874,GTC: BARNESVILLE PRIMARY- BARNESVILLE #1 115KV RECONDUCTOR,2,Barnesville #1,33.032069,-84.201258,osm,high,https://www.openstreetmap.org/way/564834100,"https://www.google.com/maps?q=33.032069,-84.201258",Rebuild approximately 4.53 miles of the Barnesville Primary - Barnesville #1 segment on the Barnesville Primary - Lamar County Industrial 115kV line.,miles=4.53;county=Lamar;sub=Barnesville Primary;sub=Barnesville;sub=Lamar County Industrial,CONFIRM,,4.53,False,rest_of_ga,
GPC,21112,GTC: BARNESVILLE PRIMARY - THOMASTON 230KV,1,Barnesville Primary,33.032069,-84.201258,osm,high,https://www.openstreetmap.org/way/564834100,"https://www.google.com/maps?q=33.032069,-84.201258",Rebuild Barnesville Primary - Thomaston 230kV line (13.24 miles) with 100C 1351 ACSS; Replace 1200A switches at Barnesville Primary & Thomaston with 3000A switch; replace associated jumper at both stations.,miles=13.24;sub=Thomaston,CONFIRM,,13.24,False,rest_of_ga,
GPC,21112,GTC: BARNESVILLE PRIMARY - THOMASTON 230KV,2,Thomaston,32.899923,-84.312517,osm,high,https://www.openstreetmap.org/way/160308061,"https://www.google.com/maps?q=32.899923,-84.312517",Rebuild Barnesville Primary - Thomaston 230kV line (13.24 miles) with 100C 1351 ACSS; Replace 1200A switches at Barnesville Primary & Thomaston with 3000A switch; replace associated jumper at both stations.,miles=13.24;sub=Thomaston,CONFIRM,,13.24,False,rest_of_ga,
GPC,21140,GTC: BONAIRE PRIMARY - EASTMAN PRIMARY 115 KV LINE REBUILD,1,Bonaire Primary,32.564795,-83.600023,osm,high,https://www.openstreetmap.org/way/160308063,"https://www.google.com/maps?q=32.564795,-83.600023",Rebuild 41.08 miles of the Bonaire Primary - Eastman Primary 115kV Line using 200C 1351ACSS Martin and upgrade the bus at Roddy substation.,miles=41.08;sub=Bonaire Primary;sub=Eastman Primary;sub=Roddy,CONFIRM,,41.08,False,rest_of_ga,
GPC,21140,GTC: BONAIRE PRIMARY - EASTMAN PRIMARY 115 KV LINE REBUILD,2,Eastman Primary,32.213299,-83.161422,osm,high,https://www.openstreetmap.org/way/164880657,"https://www.google.com/maps?q=32.213299,-83.161422",Rebuild 41.08 miles of the Bonaire Primary - Eastman Primary 115kV Line using 200C 1351ACSS Martin and upgrade the bus at Roddy substation.,miles=41.08;sub=Bonaire Primary;sub=Eastman Primary;sub=Roddy,CONFIRM,,41.08,False,rest_of_ga,
DESC,"0147 B, J",Jack Primus 115 kV Tap: Construct,2,Clements Ferry,,,,low,,https://www.google.com/maps/search/?api=1&query=Clements%20Ferry%20substation%20South%20Carolina,Construct a 115 kV tap from Jack Primus to Clements Ferry. Approximately 2.2 miles. Construct terminals at Jack Primus.,miles=2.2;sub=Jack Primus;sub=Clements Ferry,FIND,"Jack Primus at 32.91938,-79.90450",2.2,False,sc,
DESC,"0147 C, K",Cainhoy 115 kV Tap: Construct,2,Clements Ferry,,,,low,,https://www.google.com/maps/search/?api=1&query=Clements%20Ferry%20substation%20South%20Carolina,Construct a 115 kV tap from Cainhoy to Clements Ferry. Approximately 2.8 miles. Construct terminal at Cainhoy.,miles=2.8;sub=Cainhoy;sub=Clements Ferry,FIND,"Cainhoy at 32.94140,-79.84228",2.8,False,sc,
DESC,06005 B,Harleyville 115KV Transmission Tap – Construct (1.4 miles),1,Blue Circle,,,,low,,https://www.google.com/maps/search/?api=1&query=Blue%20Circle%20substation%20South%20Carolina,Extend the 115 kV line from the Blue Circle tap to the Harleyville substation to provide 115 kV service.,,FIND,"Harleyville at 33.20991,-80.45117",,False,sc,
DESC,06810 G,Goose Creek Reservoir: Rebuild Transmission Line Crossings,1,Goose Creek Reservoir,,,,unlocated,,https://www.google.com/maps/search/?api=1&query=Goose%20Creek%20Reservoir%20South%20Carolina,Rebuilding the Williams Goose Creek 230 and 115 kV lines and the Williams - Faber Place 230 kV line across the Goose Creek Reservoir.,sub=Williams;sub=Faber Place,FIND,"Williams at 33.01770,-79.93217",,False,sc,
DESC,5392 A-C,Coit – Gills Creek 115kV: Construct,1,Coit,,,,unlocated,,https://www.google.com/maps/search/?api=1&query=Coit%20substation%20South%20Carolina,Convert the existing Coit - Gills Creek 33 kV Line to 115 kV. Approximately 1.25 miles. Construct Gills Creek Terminal at Coit Bus #1.,miles=1.25;sub=Coit;sub=Gills Creek,FIND,,1.25,False,sc,
DESC,5392 A-C,Coit – Gills Creek 115kV: Construct,2,Gills Creek,,,,unlocated,,https://www.google.com/maps/search/?api=1&query=Gills%20Creek%20substation%20South%20Carolina,Convert the existing Coit - Gills Creek 33 kV Line to 115 kV. Approximately 1.25 miles. Construct Gills Creek Terminal at Coit Bus #1.,miles=1.25;sub=Coit;sub=Gills Creek,FIND,,1.25,False,sc,
DESC,6807 B,Queensboro - Ft Johnson 115 kV & Queensboro-Bayfront 115kV (Queensboro-James Island Sect),1,Queensboro,,,,low,,https://www.google.com/maps/search/?api=1&query=Queensboro%20substation%20South%20Carolina,Replace the Queensboro – Ft Johnson 115 kV Line and structures as they have reached the end of life.,,FIND,,,False,sc,
DESC,6808 J,Eastover - Square D 115kV: Rebuild,2,Square D,,,,low,,https://www.google.com/maps/search/?api=1&query=Square%20D%20substation%20South%20Carolina,Replace wooden H-Frame structures with Self Supporting Steel Structures and restring with 1272 ACSR conductor.,,FIND,"Eastover at 33.88649,-80.64036",,False,sc,
DESC,6808 U,Hopkins-CIP 230kV: Rebuild,2,CIP,,,,low,,https://www.google.com/maps/search/?api=1&query=CIP%20substation%20South%20Carolina,Replace wooden H-Frame structures with Self Supporting Steel Structures.,,FIND,,,False,sc,
DESC,6808 V,Faber Place-Bayfront 115kV: Rebuild North Bridge Terrace to Bayfront Section,1,North Bridge Terrace,,,,low,,https://www.google.com/maps/search/?api=1&query=North%20Bridge%20Terrace%20substation%20South%20Carolina,Replace wooden structures with Self Supporting Steel Structures and upgrade conductor to standard 1272 ACSR.,,FIND,,,False,sc,
DESC,6810 J,Elloree – Santee City 46 kV: Rebuild,2,Santee City,,,,low,,https://www.google.com/maps/search/?api=1&query=Santee%20City%20substation%20South%20Carolina,Rebuilding the 46 kV line between Elloree and Santee City. 7 miles.,miles=7,FIND,"Elloree at 33.53238,-80.57972",7,False,sc,
DESC,"0147 B, J",Jack Primus 115 kV Tap: Construct,1,Jack Primus,32.919384,-79.904495,osm,low,https://www.openstreetmap.org/way/1097237376,"https://www.google.com/maps?q=32.919384,-79.904495",Construct a 115 kV tap from Jack Primus to Clements Ferry. Approximately 2.2 miles. Construct terminals at Jack Primus.,miles=2.2;sub=Jack Primus;sub=Clements Ferry,CHECK,,2.2,False,sc,
DESC,"0147 C, K",Cainhoy 115 kV Tap: Construct,1,Cainhoy,32.941402,-79.842276,osm,low,https://www.openstreetmap.org/way/229116275,"https://www.google.com/maps?q=32.941402,-79.842276",Construct a 115 kV tap from Cainhoy to Clements Ferry. Approximately 2.8 miles. Construct terminal at Cainhoy.,miles=2.8;sub=Cainhoy;sub=Clements Ferry,CHECK,,2.8,False,sc,
DESC,0167C-D,Union Pier 115-13.8 kV Sub: Tap,1,Union Pier,32.784336,-79.925588,nominatim,low,https://www.openstreetmap.org/way/1433392301,"https://www.google.com/maps?q=32.784336,-79.925588",Installing a 115 kV Tap to feed the future Union Pier 115 kV Sub.,,CHECK,,,False,sc,
DESC,06005 B,Harleyville 115KV Transmission Tap – Construct (1.4 miles),2,Harleyville,33.209907,-80.451166,osm,low,https://www.openstreetmap.org/way/1075801506,"https://www.google.com/maps?q=33.209907,-80.451166",Extend the 115 kV line from the Blue Circle tap to the Harleyville substation to provide 115 kV service.,,CHECK,,,False,sc,
DESC,06076A,Canadys-Ritter 115KV-Rebld SPDC 230/115KV 1272 (Approx 18 Miles),1,Canadys,33.064096,-80.620600,osm,low,https://www.openstreetmap.org/way/185032900,"https://www.google.com/maps?q=33.064096,-80.620600",Rebuild Canadys-Ritter 115 kV line as SPDC with 230 kV on one side and 115 kV on the other side.,,CHECK,,,False,sc,
DESC,06076A,Canadys-Ritter 115KV-Rebld SPDC 230/115KV 1272 (Approx 18 Miles),2,Ritter,32.789620,-80.630382,nominatim,low,https://www.openstreetmap.org/node/153897332,"https://www.google.com/maps?q=32.789620,-80.630382",Rebuild Canadys-Ritter 115 kV line as SPDC with 230 kV on one side and 115 kV on the other side.,,CHECK,"Canadys at 33.06410,-80.62060",,False,sc,
DESC,06372 A,Church Creek - Ritter 230kV - Replace 38 Large Angles and Dead Ends,1,Church Creek,32.830320,-80.070279,osm,low,https://www.openstreetmap.org/way/185330726,"https://www.google.com/maps?q=32.830320,-80.070279",Replace 6.5 miles of aging conductor.,miles=6.5,CHECK,,6.5,False,sc,
DESC,06372 A,Church Creek - Ritter 230kV - Replace 38 Large Angles and Dead Ends,2,Ritter,32.789620,-80.630382,nominatim,low,https://www.openstreetmap.org/node/153897332,"https://www.google.com/maps?q=32.789620,-80.630382",Replace 6.5 miles of aging conductor.,miles=6.5,CHECK,"Church Creek at 32.83032,-80.07028",6.5,False,sc,
DESC,"1060A, I, L","Williams St Sub: Replace Sw House & Relays, AM Williams Sub: Replace Sw House, and McMeekin Sub: Add Sw House",1,Williams St,34.006319,-81.052210,nominatim,low,https://www.openstreetmap.org/way/158977654,"https://www.google.com/maps?q=34.006319,-81.052210","Replace switch house, switch house equipment, and relay panels at Williams Street substation. Replace the switch house at AM Williams substation. Add Switching House at McMeekin Substation to move relays from plant relay room.",sub=Williams Street;sub=AM Williams;sub=McMeekin,CHECK,"McMeekin at 34.05590,-81.21686",,False,sc,
DESC,"1060A, I, L","Williams St Sub: Replace Sw House & Relays, AM Williams Sub: Replace Sw House, and McMeekin Sub: Add Sw House",2,AM Williams,33.034607,-80.842600,nominatim,low,https://www.openstreetmap.org/relation/193977,"https://www.google.com/maps?q=33.034607,-80.842600","Replace switch house, switch house equipment, and relay panels at Williams Street substation. Replace the switch house at AM Williams substation. Add Switching House at McMeekin Substation to move relays from plant relay room.",sub=Williams Street;sub=AM Williams;sub=McMeekin,CHECK,"McMeekin at 34.05590,-81.21686",,False,sc,
DESC,"1060A, I, L","Williams St Sub: Replace Sw House & Relays, AM Williams Sub: Replace Sw House, and McMeekin Sub: Add Sw House",3,McMeekin,34.055895,-81.216862,osm,low,https://www.openstreetmap.org/way/186840912,"https://www.google.com/maps?q=34.055895,-81.216862","Replace switch house, switch house equipment, and relay panels at Williams Street substation. Replace the switch house at AM Williams substation. Add Switching House at McMeekin Substation to move relays from plant relay room.",sub=Williams Street;sub=AM Williams;sub=McMeekin,CHECK,,,False,sc,
DESC,6388 A,Williams-Summerville 230kV: Upgrade to SPDC B1272 ACSR,1,Ladson Jct,32.985728,-80.109812,nominatim,low,https://www.openstreetmap.org/relation/194735,"https://www.google.com/maps?q=32.985728,-80.109812",Rebuild the section of the Williams - Summerville 230 kV line from Ladson Jct to Williams. Line to upgraded to B-1272 and designed for a future second circuit. Approximately 10 miles.,miles=10;sub=Williams;sub=Summerville;sub=Ladson Jct,CHECK,"Williams at 33.01770,-79.93217",10,False,sc,
DESC,6388 A,Williams-Summerville 230kV: Upgrade to SPDC B1272 ACSR,2,Williams,33.017699,-79.932168,osm,low,https://www.openstreetmap.org/way/184867924,"https://www.google.com/maps?q=33.017699,-79.932168",Rebuild the section of the Williams - Summerville 230 kV line from Ladson Jct to Williams. Line to upgraded to B-1272 and designed for a future second circuit. Approximately 10 miles.,miles=10;sub=Williams;sub=Summerville;sub=Ladson Jct,CHECK,"Summerville at 32.98737,-80.22083",10,False,sc,
DESC,6805 G,"Edenwood Sub: #1 & #2 230-115kV Autobanks, Replace with 336MVA",1,Edenwood,33.953765,-81.059815,nominatim,low,https://www.openstreetmap.org/node/153976948,"https://www.google.com/maps?q=33.953765,-81.059815",Replace Autobank 1 and 2 at Edenwood Substation.,sub=Edenwood,CHECK,,,False,sc,
DESC,6807 B,Queensboro - Ft Johnson 115 kV & Queensboro-Bayfront 115kV (Queensboro-James Island Sect),2,Ft Johnson,32.748894,-79.901444,nominatim,low,https://www.openstreetmap.org/way/1150669616,"https://www.google.com/maps?q=32.748894,-79.901444",Replace the Queensboro – Ft Johnson 115 kV Line and structures as they have reached the end of life.,,CHECK,,,False,sc,
DESC,6808 J,Eastover - Square D 115kV: Rebuild,1,Eastover,33.886495,-80.640356,osm,low,https://www.openstreetmap.org/way/1037171328,"https://www.google.com/maps?q=33.886495,-80.640356",Replace wooden H-Frame structures with Self Supporting Steel Structures and restring with 1272 ACSR conductor.,,CHECK,,,False,sc,
DESC,"6808 N,O",VCS1-Denny Terrace 230kV & VCS1-Pineland 230kV: Rebuild Single Circuit Sections,1,VCS1,34.295984,-81.314549,osm,low,https://www.openstreetmap.org/way/359445493,"https://www.google.com/maps?q=34.295984,-81.314549",Replace wooden H-Frame structures with Self Supporting Steel Structures and restring with standard 1272 ACSR conductor.,,CHECK,"Denny Terrace at 34.05761,-81.06156",,False,sc,
DESC,"6808 N,O",VCS1-Denny Terrace 230kV & VCS1-Pineland 230kV: Rebuild Single Circuit Sections,2,Denny Terrace,34.057609,-81.061561,osm,low,https://www.openstreetmap.org/way/185130609,"https://www.google.com/maps?q=34.057609,-81.061561",Replace wooden H-Frame structures with Self Supporting Steel Structures and restring with standard 1272 ACSR conductor.,,CHECK,"VCS1 at 34.29598,-81.31455",,False,sc,
DESC,"6808 N,O",VCS1-Denny Terrace 230kV & VCS1-Pineland 230kV: Rebuild Single Circuit Sections,3,Pineland,32.611892,-81.150313,osm,low,https://www.openstreetmap.org/way/917253712,"https://www.google.com/maps?q=32.611892,-81.150313",Replace wooden H-Frame structures with Self Supporting Steel Structures and restring with standard 1272 ACSR conductor.,,CHECK,"VCS1 at 34.29598,-81.31455",,False,sc,
DESC,6808 R,Wateree-Killian 230kV: Rebuild,1,Wateree,33.821307,-80.628422,osm,low,https://www.openstreetmap.org/relation/17131066,"https://www.google.com/maps?q=33.821307,-80.628422",Replace wooden H-Frame structures with Self Supporting Steel Structures.,,CHECK,,,False,sc,
DESC,6808 R,Wateree-Killian 230kV: Rebuild,2,Killian,34.135918,-80.928147,nominatim,low,https://www.openstreetmap.org/node/9845635240,"https://www.google.com/maps?q=34.135918,-80.928147",Replace wooden H-Frame structures with Self Supporting Steel Structures.,,CHECK,"Wateree at 33.82131,-80.62842",,False,sc,
DESC,6808 U,Hopkins-CIP 230kV: Rebuild,1,Hopkins,33.904321,-80.877034,nominatim,low,https://www.openstreetmap.org/node/153985279,"https://www.google.com/maps?q=33.904321,-80.877034",Replace wooden H-Frame structures with Self Supporting Steel Structures.,,CHECK,,,False,sc,
DESC,6808 V,Faber Place-Bayfront 115kV: Rebuild North Bridge Terrace to Bayfront Section,2,Bayfront,32.742122,-79.963424,nominatim,low,https://www.openstreetmap.org/node/158550026,"https://www.google.com/maps?q=32.742122,-79.963424",Replace wooden structures with Self Supporting Steel Structures and upgrade conductor to standard 1272 ACSR.,,CHECK,,,False,sc,
DESC,6808 W,Square D - Hopkins 115kV: Rebuild,1,Square D,32.785812,-79.947399,nominatim,low,https://www.openstreetmap.org/node/12826192609,"https://www.google.com/maps?q=32.785812,-79.947399",Replace wooden H-Frame structures with Self Supporting Steel Structures and restring with 1272 ACSR conductor.,,CHECK,,,False,sc,
DESC,6808 W,Square D - Hopkins 115kV: Rebuild,2,Hopkins,33.904321,-80.877034,nominatim,low,https://www.openstreetmap.org/node/153985279,"https://www.google.com/maps?q=33.904321,-80.877034",Replace wooden H-Frame structures with Self Supporting Steel Structures and restring with 1272 ACSR conductor.,,CHECK,,,False,sc,
DESC,6810 J,Elloree – Santee City 46 kV: Rebuild,1,Elloree,33.532384,-80.579724,osm,low,https://www.openstreetmap.org/way/1075509549,"https://www.google.com/maps?q=33.532384,-80.579724",Rebuilding the 46 kV line between Elloree and Santee City. 7 miles.,miles=7,CHECK,,7,False,sc,
DESC,"6847 A-B, D-H",Church Creek – Faber Place – Charleston Transmission: Add 230kV Line,1,Church Creek,32.830320,-80.070279,osm,low,https://www.openstreetmap.org/way/185330726,"https://www.google.com/maps?q=32.830320,-80.070279","Construct a 230 kV transmission line from Church Creek to Charleston Transmission. The Church Creek – Faber Place 230kV and 115kV lines will be rebuilt, and a 230kV line will be added between Faber Place and Charleston Transmission. Add 230/115kV transformer at Charleston Transmission. Add/upgrade terminals and bus work at impacted substations.",sub=Church Creek;sub=Charleston Transmission,CHECK,"Faber Place at 32.85008,-80.01462",,False,sc,
DESC,"6847 A-B, D-H",Church Creek – Faber Place – Charleston Transmission: Add 230kV Line,2,Faber Place,32.850080,-80.014624,osm,low,https://www.openstreetmap.org/way/217507829,"https://www.google.com/maps?q=32.850080,-80.014624","Construct a 230 kV transmission line from Church Creek to Charleston Transmission. The Church Creek – Faber Place 230kV and 115kV lines will be rebuilt, and a 230kV line will be added between Faber Place and Charleston Transmission. Add 230/115kV transformer at Charleston Transmission. Add/upgrade terminals and bus work at impacted substations.",sub=Church Creek;sub=Charleston Transmission,CHECK,"Church Creek at 32.83032,-80.07028",,False,sc,
DESC,"6847 A-B, D-H",Church Creek – Faber Place – Charleston Transmission: Add 230kV Line,3,Charleston,,,,low,https://www.openstreetmap.org/way/217501714,https://www.google.com/maps/search/?api=1&query=Charleston%20substation%20South%20Carolina,"Construct a 230 kV transmission line from Church Creek to Charleston Transmission. The Church Creek – Faber Place 230kV and 115kV lines will be rebuilt, and a 230kV line will be added between Faber Place and Charleston Transmission. Add 230/115kV transformer at Charleston Transmission. Add/upgrade terminals and bus work at impacted substations.",sub=Church Creek;sub=Charleston Transmission,CHECK,"Church Creek at 32.83032,-80.07028",,False,sc,
DESC,6853 B-F,Scout 230 kV Sub and Fold-in: Construct,1,Scout,32.359641,-80.697607,nominatim,low,https://www.openstreetmap.org/node/357089469,"https://www.google.com/maps?q=32.359641,-80.697607",Construct 230kV Transmission Line for Scout Customer Substation and modify VCS1 and Killian terminals.,,CHECK,,,False,sc,
DESC,6859,Dawson 230kV Sub and Fold-in: Construct and Rebuild,1,Dawson,33.226834,-79.655349,nominatim,low,https://www.openstreetmap.org/node/357093979,"https://www.google.com/maps?q=33.226834,-79.655349",Construct Dawson 230kV substation. Fold in the existing Canadys – Church Creek and Canadys – Faber Place 230kV lines at the Dawson 230kV substation (phase 1). Rebuild Canadys – Dawson 230kV #1 and #2 with B1272 ACSR (phase 2).,,CHECK,,,False,sc,
DESC,05004 P,Summerville: Replace and Spare 230-115kV 336MVA Auto Bank,1,Summerville,32.987370,-80.220832,osm,medium,https://www.openstreetmap.org/way/497970794,"https://www.google.com/maps?q=32.987370,-80.220832","Purchase a spare 230/115kV, 336MVA Autobank for the Southern Region to be stored at Summerville 230kV Sub. Include a pad, AC for heaters, and possibly a pit for oil containment.",,VERIFY,,,False,sc,
DESC,06810 H,Summerville 115kV Loop: Rebuild,1,Summerville,32.987370,-80.220832,osm,medium,https://www.openstreetmap.org/way/497970794,"https://www.google.com/maps?q=32.987370,-80.220832",Replacing several wood pole sections on the Summerville 115 kV Loop that have reached the end of life.,,VERIFY,,,False,sc,
DESC,6341 A-F,Cainhoy - Hamlin 115kV: Rebuild Line and Cainhoy – Hamlin 115 kV #2: Construct New 115 kV Line,1,Cainhoy,32.941402,-79.842276,osm,medium,https://www.openstreetmap.org/way/229116275,"https://www.google.com/maps?q=32.941402,-79.842276","Upgrade the 954 ACSR portion of the Cainhoy – Hamlin 115 kV line to B795 ACSR conductor, construct a new Cainhoy – Hamlin 115 kV #2 line, add terminals to Cainhoy and Hamlin sub to accommodate upgrades.",,VERIFY,,,False,sc,
DESC,6341 A-F,Cainhoy - Hamlin 115kV: Rebuild Line and Cainhoy – Hamlin 115 kV #2: Construct New 115 kV Line,2,Hamlin,32.859937,-79.788441,osm,medium,https://www.openstreetmap.org/way/229116306,"https://www.google.com/maps?q=32.859937,-79.788441","Upgrade the 954 ACSR portion of the Cainhoy – Hamlin 115 kV line to B795 ACSR conductor, construct a new Cainhoy – Hamlin 115 kV #2 line, add terminals to Cainhoy and Hamlin sub to accommodate upgrades.",,VERIFY,,,False,sc,
DESC,6809 M,St George - Sumter 230kV Tie: Rebuild Line from Santee Substation - Duke/Progress Energy Tie,1,St George,33.199388,-80.592009,osm,medium,https://www.openstreetmap.org/way/1069480257,"https://www.google.com/maps?q=33.199388,-80.592009",Rebuild Line from Santee Substation - Duke/Progress Energy Tie.,sub=Santee Substation;sub=Duke,VERIFY,,,False,sc,
DESC,6809 M,St George - Sumter 230kV Tie: Rebuild Line from Santee Substation - Duke/Progress Energy Tie,2,Sumter,33.897661,-80.323976,osm,medium,https://www.openstreetmap.org/way/185032893,"https://www.google.com/maps?q=33.897661,-80.323976",Rebuild Line from Santee Substation - Duke/Progress Energy Tie.,sub=Santee Substation;sub=Duke,VERIFY,,,False,sc,
DESC,6810 T,Cameron Jct – Cameron – St Matthews 46 kV Rebuild,1,Cameron Jct,33.563666,-80.708996,osm,medium,https://www.openstreetmap.org/way/318318141,"https://www.google.com/maps?q=33.563666,-80.708996",Rebuilding the 46 kV line between Cameron Jct and St Matthews. 9.8 miles.,miles=9.8,VERIFY,,9.8,False,sc,
DESC,6810 T,Cameron Jct – Cameron – St Matthews 46 kV Rebuild,2,Cameron,33.563666,-80.708996,osm,medium,https://www.openstreetmap.org/way/318318141,"https://www.google.com/maps?q=33.563666,-80.708996",Rebuilding the 46 kV line between Cameron Jct and St Matthews. 9.8 miles.,miles=9.8,VERIFY,,9.8,False,sc,
DESC,6810 T,Cameron Jct – Cameron – St Matthews 46 kV Rebuild,3,St Matthews,33.686064,-80.761015,osm,medium,https://www.openstreetmap.org/relation/9610450,"https://www.google.com/maps?q=33.686064,-80.761015",Rebuilding the 46 kV line between Cameron Jct and St Matthews. 9.8 miles.,miles=9.8,VERIFY,,9.8,False,sc,
DESC,6810 U,Cameron Jct – Elloree 46 kV Rebuild,1,Cameron Jct,33.563666,-80.708996,osm,medium,https://www.openstreetmap.org/way/318318141,"https://www.google.com/maps?q=33.563666,-80.708996",Rebuilding the Cameron Jct – Elloree 46 kV Line. 7.3 miles.,miles=7.3,VERIFY,,7.3,False,sc,
DESC,6810 U,Cameron Jct – Elloree 46 kV Rebuild,2,Elloree,33.532384,-80.579724,osm,medium,https://www.openstreetmap.org/way/1075509549,"https://www.google.com/maps?q=33.532384,-80.579724",Rebuilding the Cameron Jct – Elloree 46 kV Line. 7.3 miles.,miles=7.3,VERIFY,,7.3,False,sc,
DESC,6846 A,Eastover – Sumter 115kV DEP Tie: Rebuild with 1272 ACSR,1,Eastover,33.886495,-80.640356,osm,medium,https://www.openstreetmap.org/way/1037171328,"https://www.google.com/maps?q=33.886495,-80.640356",Upgrade the DESC section (approx. 1 mile) of the tie line from 397.5 ACSR Ibis to 1272 ACSR.,miles=1,VERIFY,,1,False,sc,
DESC,6846 A,Eastover – Sumter 115kV DEP Tie: Rebuild with 1272 ACSR,2,Sumter,33.897661,-80.323976,osm,medium,https://www.openstreetmap.org/way/185032893,"https://www.google.com/maps?q=33.897661,-80.323976",Upgrade the DESC section (approx. 1 mile) of the tie line from 397.5 ACSR Ibis to 1272 ACSR.,miles=1,VERIFY,,1,False,sc,
DESC,06810 F,VCS2-Ward 230kV: Rebuild Line,1,VCS2,34.295984,-81.314549,osm,high,https://www.openstreetmap.org/way/359445493,"https://www.google.com/maps?q=34.295984,-81.314549",Rebuild 40 miles of 230 kV line.,miles=40,CONFIRM,,40,False,sc,
DESC,06810 F,VCS2-Ward 230kV: Rebuild Line,2,Ward,33.872180,-81.697723,osm,high,https://www.openstreetmap.org/way/185197506,"https://www.google.com/maps?q=33.872180,-81.697723",Rebuild 40 miles of 230 kV line.,miles=40,CONFIRM,,40,False,sc,
